2025.12.24,17:30,4469.46,4472.66,4449.61,4452.94,5593
2025.12.24,17:45,4452.55,4460.86,4448.33,4458.00,5518
2025.12.24,18:00,4457.99,4471.12,4455.82,4465.87,4078
2025.12.24,18:15,4465.86,4468.89,4464.03,4468.38,3517
2025.12.24,18:30,4468.43,4476.69,4467.19,4475.26,4003
2025.12.24,18:45,4475.32,4478.08,4472.01,4476.70,3331
2025.12.24,19:00,4476.74,4487.74,4475.45,4483.49,3942
2025.12.24,19:15,4483.56,4484.76,4476.08,4478.25,4003
2025.12.24,19:30,4478.50,4483.09,4477.17,4479.49,3302
2025.12.24,19:45,4479.47,4483.60,4479.27,4480.59,2733
2025.12.24,20:00,4480.55,4481.49,4477.27,4477.97,1801
2025.12.24,20:15,4478.03,4482.44,4477.93,4480.91,1427
2025.12.24,20:30,4480.95,4482.10,4478.93,4479.41,573
2025.12.26,01:00,4504.27,4506.05,4483.47,4488.90,2227
2025.12.26,01:15,4488.83,4499.80,4487.68,4497.58,2335
2025.12.26,01:30,4497.59,4498.91,4489.15,4496.02,2006
2025.12.26,01:45,4495.99,4499.58,4491.84,4494.96,1868
2025.12.26,02:00,4495.27,4505.60,4492.27,4503.30,2172
2025.12.26,02:15,4503.37,4507.11,4501.43,4506.78,1865
2025.12.26,02:30,4506.79,4508.02,4504.16,4507.61,2878
2025.12.26,02:45,4507.65,4518.49,4506.29,4518.32,3126
2025.12.26,03:00,4518.39,4531.26,4508.23,4510.01,5904
2025.12.26,03:15,4510.00,4518.21,4506.84,4510.11,4464
2025.12.26,03:30,4509.97,4515.51,4497.57,4507.12,4179
2025.12.26,03:45,4507.20,4507.42,4499.86,4503.79,3987
2025.12.26,04:00,4503.56,4507.70,4498.38,4506.37,4405
2025.12.26,04:15,4506.32,4509.79,4499.69,4499.69,3265
2025.12.26,04:30,4499.98,4502.32,4492.34,4498.82,4056
2025.12.26,04:45,4498.80,4508.66,4498.46,4508.63,4246
2025.12.26,05:00,4508.56,4511.97,4501.28,4511.97,3717
2025.12.26,05:15,4511.86,4513.48,4502.90,4503.04,3199
2025.12.26,05:30,4503.14,4503.67,4497.50,4502.76,3356
2025.12.26,05:45,4502.75,4505.71,4500.42,4501.57,2785
2025.12.26,06:00,4501.73,4509.67,4500.49,4507.75,2839
2025.12.26,06:15,4507.77,4510.13,4504.63,4509.42,2325
2025.12.26,06:30,4509.43,4511.64,4505.85,4507.84,2535
2025.12.26,06:45,4507.83,4511.14,4506.55,4508.94,1827
2025.12.26,07:00,4508.97,4511.42,4507.41,4508.89,1766
2025.12.26,07:15,4508.91,4510.09,4505.95,4507.25,2254
2025.12.26,07:30,4507.61,4514.72,4507.60,4512.16,3728
2025.12.26,07:45,4512.15,4513.55,4509.69,4509.79,3373
2025.12.26,08:00,4509.78,4513.57,4508.76,4512.51,2982
2025.12.26,08:15,4512.53,4518.68,4512.39,4518.46,2690
2025.12.26,08:30,4518.58,4519.34,4514.82,4518.46,3809
2025.12.26,08:45,4518.45,4518.48,4508.02,4511.46,4233
2025.12.26,09:00,4512.11,4515.11,4510.67,4514.23,2339
2025.12.26,09:15,4514.24,4515.57,4508.19,4509.29,2727
2025.12.26,09:30,4509.31,4512.85,4508.04,4508.32,2057
2025.12.26,09:45,4508.30,4511.33,4506.95,4510.98,2594
2025.12.26,10:00,4510.99,4514.78,4509.58,4514.78,2083
2025.12.26,10:15,4515.05,4517.29,4514.10,4515.06,1790
2025.12.26,10:30,4515.09,4517.18,4513.17,4514.47,2023
2025.12.26,10:45,4514.39,4519.34,4514.05,4518.70,2646
2025.12.26,11:00,4518.63,4520.39,4515.10,4515.85,2231
2025.12.26,11:15,4515.87,4518.71,4515.05,4517.27,1718
2025.12.26,11:30,4517.37,4518.21,4512.93,4513.72,1648
2025.12.26,11:45,4513.68,4515.14,4511.91,4512.66,1759
2025.12.26,12:00,4512.69,4519.45,4512.10,4518.62,1820
2025.12.26,12:15,4518.57,4523.58,4516.94,4520.70,2281
2025.12.26,12:30,4520.68,4522.10,4514.12,4515.25,3068
2025.12.26,12:45,4515.19,4515.53,4511.28,4514.35,2096
2025.12.26,13:00,4514.34,4515.14,4503.45,4510.02,3049
2025.12.26,13:15,4509.97,4512.04,4503.82,4505.30,3327
2025.12.26,13:30,4505.24,4509.13,4503.53,4507.58,3281
2025.12.26,13:45,4507.52,4509.74,4502.94,4509.70,3048
2025.12.26,14:00,4509.54,4511.09,4506.99,4510.69,2903
2025.12.26,14:15,4510.68,4512.53,4508.33,4511.99,2511
2025.12.26,14:30,4512.01,4514.68,4511.85,4512.68,2160
2025.12.26,14:45,4512.67,4513.97,4506.61,4506.66,1995
2025.12.26,15:00,4506.61,4515.06,4503.56,4514.70,4172
2025.12.26,15:15,4514.71,4519.71,4512.82,4517.76,3902
2025.12.26,15:30,4517.81,4528.47,4517.75,4521.78,4239
2025.12.26,15:45,4521.88,4525.80,4515.12,4525.04,4522
2025.12.26,16:00,4525.16,4526.84,4522.18,4525.84,3549
2025.12.26,16:15,4525.83,4529.88,4522.99,4528.96,3588
2025.12.26,16:30,4528.78,4533.44,4518.99,4521.13,6122
2025.12.26,16:45,4521.59,4526.51,4512.90,4521.40,5580
2025.12.26,17:00,4521.69,4530.21,4519.49,4527.29,5413
2025.12.26,17:15,4527.27,4533.88,4525.79,4533.25,4485
2025.12.26,17:30,4533.15,4545.52,4531.91,4538.06,4922
2025.12.26,17:45,4537.98,4547.31,4537.32,4547.01,4949
2025.12.26,18:00,4546.96,4549.72,4534.76,4539.33,4825
2025.12.26,18:15,4539.34,4546.86,4537.06,4545.72,4515
2025.12.26,18:30,4545.71,4546.13,4539.00,4539.53,3187
2025.12.26,18:45,4539.58,4543.29,4531.05,4536.36,4501
2025.12.26,19:00,4536.57,4537.46,4525.59,4526.23,3514
2025.12.26,19:15,4526.18,4528.23,4517.05,4518.05,4085
2025.12.26,19:30,4518.11,4520.44,4510.08,4516.28,5008
2025.12.26,19:45,4515.88,4524.69,4512.26,4518.89,4829
2025.12.26,20:00,4518.78,4521.42,4514.89,4517.70,4276
2025.12.26,20:15,4517.68,4524.57,4516.10,4518.94,4248
2025.12.26,20:30,4519.04,4530.36,4516.23,4529.76,4652
2025.12.26,20:45,4529.73,4532.66,4527.65,4531.26,3571
2025.12.26,21:00,4531.39,4534.12,4524.70,4533.60,3281
2025.12.26,21:15,4533.47,4535.60,4528.84,4529.40,3330
2025.12.26,21:30,4529.37,4530.18,4521.83,4525.29,2881
2025.12.26,21:45,4525.27,4526.96,4519.94,4523.85,3188
2025.12.26,22:00,4523.81,4534.05,4523.13,4533.23,4381
2025.12.26,22:15,4533.25,4535.88,4521.60,4523.49,3200
2025.12.26,22:30,4523.47,4531.31,4522.78,4530.52,2970
2025.12.26,22:45,4530.47,4533.51,4525.65,4531.21,3167
2025.12.26,23:00,4531.68,4532.99,4526.85,4528.51,2513
2025.12.26,23:15,4528.52,4532.77,4528.19,4531.16,2282
2025.12.26,23:30,4531.08,4534.47,4529.69,4532.40,2176
2025.12.26,23:45,4532.49,4534.37,4529.71,4534.29,1378
2025.12.29,01:00,4539.49,4549.81,4523.42,4533.62,1839
2025.12.29,01:15,4533.59,4541.83,4532.38,4535.80,3069
2025.12.29,01:30,4535.78,4540.03,4530.66,4532.14,2712
2025.12.29,01:45,4532.08,4534.70,4525.82,4527.12,2421
2025.12.29,02:00,4527.07,4527.76,4514.32,4524.05,3820
2025.12.29,02:15,4524.01,4524.03,4482.14,4487.03,4877
2025.12.29,02:30,4486.97,4503.19,4472.27,4489.52,4467
2025.12.29,02:45,4489.46,4506.89,4489.32,4497.27,3584
2025.12.29,03:00,4497.25,4514.48,4492.81,4512.26,5365
2025.12.29,03:15,4512.36,4517.33,4496.03,4499.21,4726
2025.12.29,03:30,4499.16,4507.73,4492.12,4501.71,5159
2025.12.29,03:45,4501.63,4506.60,4494.86,4496.83,4229
2025.12.29,04:00,4496.76,4509.12,4496.12,4507.08,4297
2025.12.29,04:15,4507.00,4514.03,4504.17,4512.60,2864
2025.12.29,04:30,4513.15,4515.38,4508.62,4512.35,3696
2025.12.29,04:45,4512.30,4515.71,4509.25,4512.35,3179
2025.12.29,05:00,4512.30,4518.77,4509.36,4515.18,3640
2025.12.29,05:15,4515.14,4518.07,4512.10,4513.70,4502
2025.12.29,05:30,4513.72,4520.33,4513.24,4516.52,3190
2025.12.29,05:45,4516.57,4517.45,4513.56,4516.44,2366
2025.12.29,06:00,4516.38,4516.77,4507.84,4515.01,3083
2025.12.29,06:15,4514.94,4515.95,4510.80,4514.11,2521
2025.12.29,06:30,4514.32,4519.46,4513.07,4515.54,1811
2025.12.29,06:45,4515.52,4516.27,4513.26,4515.35,2457
2025.12.29,07:00,4515.37,4515.37,4509.82,4514.63,2796
2025.12.29,07:15,4514.57,4515.81,4510.95,4513.67,1850
2025.12.29,07:30,4512.76,4519.22,4512.09,4516.99,2801
2025.12.29,07:45,4517.07,4517.48,4504.94,4506.67,3860
2025.12.29,08:00,4506.62,4510.61,4500.21,4506.16,4267
2025.12.29,08:15,4506.17,4507.01,4489.31,4491.01,4305
2025.12.29,08:30,4490.98,4497.72,4484.59,4486.97,4560
2025.12.29,08:45,4486.96,4487.72,4471.17,4475.00,4782
2025.12.29,09:00,4474.83,4476.09,4445.86,4473.17,5703
2025.12.29,09:15,4473.16,4481.72,4471.18,4471.52,3641
2025.12.29,09:30,4471.54,4479.46,4470.21,4473.55,3049
2025.12.29,09:45,4473.72,4478.64,4472.19,4472.44,3210
2025.12.29,10:00,4472.28,4485.69,4466.08,4483.62,4076
2025.12.29,10:15,4483.57,4488.41,4479.83,4479.83,3138
2025.12.29,10:30,4479.85,4480.63,4469.65,4469.74,4024
2025.12.29,10:45,4469.70,4471.81,4452.44,4460.98,4281
2025.12.29,11:00,4461.15,4467.75,4458.98,4467.60,4379
2025.12.29,11:15,4467.55,4468.72,4462.09,4465.57,2930
2025.12.29,11:30,4465.72,4475.52,4460.15,4475.49,3053
2025.12.29,11:45,4475.48,4476.00,4468.95,4471.98,2432
2025.12.29,12:00,4471.72,4474.39,4468.77,4471.05,2618
2025.12.29,12:15,4471.07,4472.23,4462.38,4462.38,2683
2025.12.29,12:30,4462.42,4463.63,4457.02,4459.41,3325
2025.12.29,12:45,4459.50,4463.21,4458.41,4460.87,2772
2025.12.29,13:00,4460.84,4460.93,4455.86,4458.03,2622
2025.12.29,13:15,4458.02,4467.58,4457.71,4465.11,2411
2025.12.29,13:30,4465.21,4465.73,4434.18,4452.80,3499
2025.12.29,13:45,4452.71,4453.29,4441.58,4446.99,4594
2025.12.29,14:00,4447.04,4456.21,4445.57,4452.29,4010
2025.12.29,14:15,4452.33,4456.98,4451.71,4456.52,2768
2025.12.29,14:30,4456.49,4464.29,4454.65,4462.20,2650
2025.12.29,14:45,4462.22,4464.61,4460.50,4464.31,3226
2025.12.29,15:00,4464.21,4467.43,4456.66,4457.73,4782
2025.12.29,15:15,4458.12,4459.82,4445.32,4451.19,4753
2025.12.29,15:30,4451.12,4454.72,4425.11,4429.27,5625
2025.12.29,15:45,4429.25,4429.44,4407.03,4421.01,5905
2025.12.29,16:00,4420.95,4420.95,4386.18,4397.89,6481
2025.12.29,16:15,4397.96,4405.62,4386.62,4386.62,5113
2025.12.29,16:30,4386.30,4388.34,4356.63,4373.35,7328
2025.12.29,16:45,4373.38,4384.66,4358.66,4360.21,6621
2025.12.29,17:00,4360.24,4360.24,4328.25,4342.41,6707
2025.12.29,17:15,4341.66,4342.72,4302.96,4318.08,6185
2025.12.29,17:30,4318.12,4336.63,4316.75,4331.33,6060
2025.12.29,17:45,4331.04,4339.61,4322.37,4325.10,4913
2025.12.29,18:00,4325.12,4342.68,4323.27,4333.81,5291
2025.12.29,18:15,4333.85,4337.58,4324.13,4334.11,5090
2025.12.29,18:30,4333.97,4342.27,4328.90,4334.76,4767
2025.12.29,18:45,4334.77,4347.38,4334.55,4342.31,4286
2025.12.29,19:00,4342.65,4342.97,4325.78,4329.75,4633
2025.12.29,19:15,4329.70,4333.52,4322.59,4329.56,3861
2025.12.29,19:30,4329.74,4329.96,4314.93,4319.63,4171
2025.12.29,19:45,4319.68,4329.46,4319.67,4328.85,3394
2025.12.29,20:00,4328.86,4333.43,4325.82,4329.96,4575
2025.12.29,20:15,4330.03,4334.95,4322.81,4327.51,4771
2025.12.29,20:30,4328.37,4334.20,4326.24,4330.35,2565
2025.12.29,20:45,4330.48,4332.09,4327.91,4331.62,2083
2025.12.29,21:00,4332.44,4335.30,4327.54,4335.21,2599
2025.12.29,21:15,4335.36,4336.54,4328.59,4330.73,2951
2025.12.29,21:30,4330.71,4335.71,4330.21,4332.36,2427
2025.12.29,21:45,4332.29,4337.87,4331.08,4336.69,2101
2025.12.29,22:00,4336.48,4344.57,4336.45,4342.48,2745
2025.12.29,22:15,4342.49,4342.64,4337.04,4340.89,2491
2025.12.29,22:30,4340.98,4341.17,4325.92,4333.78,3227
2025.12.29,22:45,4333.72,4335.51,4328.87,4334.25,3726
2025.12.29,23:00,4333.85,4339.13,4328.52,4335.92,2266
2025.12.29,23:15,4335.91,4337.74,4330.63,4331.55,1273
2025.12.29,23:30,4331.47,4332.36,4327.80,4329.79,2076
2025.12.29,23:45,4329.63,4333.26,4329.59,4332.02,1281
2025.12.30,01:00,4333.49,4347.21,4331.67,4340.70,1908
2025.12.30,01:15,4340.79,4340.94,4323.32,4334.09,2367
2025.12.30,01:30,4334.10,4337.22,4330.74,4337.01,1399
2025.12.30,01:45,4337.04,4346.96,4336.36,4343.92,1751
2025.12.30,02:00,4343.69,4347.49,4337.97,4346.82,2593
2025.12.30,02:15,4346.83,4350.76,4343.73,4349.16,2049
2025.12.30,02:30,4349.29,4349.36,4339.79,4340.60,2549
2025.12.30,02:45,4340.76,4342.84,4334.52,4339.57,2963
2025.12.30,03:00,4339.43,4339.87,4324.39,4334.75,5051
2025.12.30,03:15,4334.76,4343.28,4334.76,4336.47,3761
2025.12.30,03:30,4336.40,4349.47,4331.88,4346.78,4145
2025.12.30,03:45,4346.80,4360.43,4346.48,4360.41,5251
2025.12.30,04:00,4360.12,4361.73,4351.76,4355.48,4785
2025.12.30,04:15,4355.49,4357.64,4352.65,4355.42,3501
2025.12.30,04:30,4355.54,4356.93,4348.91,4354.60,4294
2025.12.30,04:45,4354.63,4364.73,4354.40,4362.52,3612
2025.12.30,05:00,4362.51,4365.12,4357.25,4360.54,3568
2025.12.30,05:15,4360.69,4369.05,4358.93,4367.89,3237
2025.12.30,05:30,4367.88,4368.62,4361.16,4363.40,2415
2025.12.30,05:45,4363.34,4364.80,4356.14,4359.22,2778
2025.12.30,06:00,4359.24,4362.27,4357.48,4361.21,1539
2025.12.30,06:15,4361.20,4365.73,4360.52,4363.07,1277
2025.12.30,06:30,4363.06,4369.56,4362.16,4366.74,1628
2025.12.30,06:45,4366.67,4367.15,4362.22,4363.67,1089
2025.12.30,07:00,4363.84,4364.59,4358.73,4363.92,1411
2025.12.30,07:15,4363.97,4376.18,4362.42,4372.40,2711
2025.12.30,07:30,4374.07,4379.92,4373.06,4374.72,5145
2025.12.30,07:45,4374.43,4379.55,4372.68,4377.63,4309
2025.12.30,08:00,4377.65,4378.46,4372.48,4372.84,3818
2025.12.30,08:15,4372.82,4373.88,4364.19,4366.57,4388
2025.12.30,08:30,4366.61,4369.63,4360.05,4361.88,4383
2025.12.30,08:45,4361.77,4366.79,4359.76,4364.69,4120
2025.12.30,09:00,4364.43,4368.45,4359.20,4368.45,3645
2025.12.30,09:15,4368.61,4372.33,4365.78,4368.07,3057
2025.12.30,09:30,4368.06,4377.00,4368.06,4376.97,3133
2025.12.30,09:45,4376.89,4383.16,4370.25,4372.11,3490
2025.12.30,10:00,4372.53,4373.59,4363.42,4370.36,3025
2025.12.30,10:15,4370.40,4371.16,4351.81,4353.26,3042
2025.12.30,10:30,4353.19,4360.29,4350.06,4359.14,3213
2025.12.30,10:45,4359.15,4366.15,4354.27,4365.19,3191
2025.12.30,11:00,4365.20,4373.58,4364.04,4372.93,3077
2025.12.30,11:15,4372.96,4376.26,4367.66,4368.43,3072
2025.12.30,11:30,4368.36,4371.61,4367.09,4368.13,2444
2025.12.30,11:45,4368.15,4373.74,4367.44,4371.98,2582
2025.12.30,12:00,4371.99,4376.06,4367.56,4375.99,2595
2025.12.30,12:15,4376.19,4382.70,4374.80,4381.65,3202
2025.12.30,12:30,4381.73,4391.50,4381.73,4382.71,3503
2025.12.30,12:45,4382.70,4385.58,4378.55,4385.31,2558
2025.12.30,13:00,4385.30,4390.17,4385.11,4386.88,3109
2025.12.30,13:15,4386.89,4389.46,4385.65,4388.76,3264
2025.12.30,13:30,4388.67,4389.24,4383.66,4384.54,2411
2025.12.30,13:45,4384.53,4385.18,4381.11,4384.53,2400
2025.12.30,14:00,4383.93,4397.29,4383.39,4396.20,3088
2025.12.30,14:15,4396.22,4399.07,4391.67,4393.81,3982
2025.12.30,14:30,4393.79,4402.75,4393.07,4399.79,3310
2025.12.30,14:45,4399.77,4402.10,4396.45,4401.15,4401
2025.12.30,15:00,4401.67,4404.09,4397.04,4399.32,4998
2025.12.30,15:15,4399.31,4399.31,4389.72,4393.39,4632
2025.12.30,15:30,4393.31,4393.47,4376.16,4379.22,5729
2025.12.30,15:45,4379.26,4389.47,4376.26,4388.35,4456
2025.12.30,16:00,4388.39,4390.50,4382.56,4386.25,4036
2025.12.30,16:15,4386.30,4391.20,4380.89,4390.26,4145
2025.12.30,16:30,4390.10,4392.08,4364.18,4370.32,6147
2025.12.30,16:45,4370.26,4372.13,4355.69,4365.79,6576
2025.12.30,17:00,4365.84,4373.15,4360.81,4369.30,5765
2025.12.30,17:15,4369.25,4377.47,4364.97,4366.08,4788
2025.12.30,17:30,4366.07,4374.43,4359.29,4362.32,5267
2025.12.30,17:45,4362.31,4370.79,4360.98,4365.17,4993
2025.12.30,18:00,4365.21,4365.21,4354.65,4358.23,4498
2025.12.30,18:15,4358.33,4371.40,4357.56,4368.78,5100
2025.12.30,18:30,4368.81,4368.81,4362.54,4367.13,3712
2025.12.30,18:45,4367.12,4379.85,4366.30,4377.73,4182
2025.12.30,19:00,4377.75,4381.87,4373.25,4373.83,4459
2025.12.30,19:15,4373.79,4376.70,4368.45,4374.89,3923
2025.12.30,19:30,4374.88,4376.20,4364.93,4368.42,3674
2025.12.30,19:45,4368.63,4370.52,4364.28,4369.47,2829
2025.12.30,20:00,4369.58,4378.58,4368.86,4370.88,3597
2025.12.30,20:15,4370.82,4372.00,4365.99,4370.74,3530
2025.12.30,20:30,4370.86,4370.97,4362.55,4365.94,3100
2025.12.30,20:45,4365.96,4367.53,4363.25,4364.73,2659
2025.12.30,21:00,4364.69,4367.94,4363.60,4366.63,2585
2025.12.30,21:15,4366.61,4367.50,4363.89,4365.83,2699
2025.12.30,21:30,4365.86,4366.42,4359.90,4362.81,2297
2025.12.30,21:45,4362.83,4363.07,4337.27,4348.55,4919
2025.12.30,22:00,4348.81,4350.17,4338.28,4348.16,4589
2025.12.30,22:15,4348.13,4352.77,4346.19,4350.73,2976
2025.12.30,22:30,4350.27,4355.37,4346.04,4348.90,2847
2025.12.30,22:45,4348.92,4351.57,4337.63,4340.80,3634
2025.12.30,23:00,4340.76,4350.42,4340.76,4348.47,2722
2025.12.30,23:15,4348.44,4349.05,4346.40,4346.41,1438
2025.12.30,23:30,4346.44,4349.12,4346.10,4348.52,934
2025.12.30,23:45,4348.48,4349.30,4334.58,4338.50,1806
2025.12.31,01:00,4337.57,4346.11,4337.57,4345.72,1491
2025.12.31,01:15,4345.59,4345.59,4332.10,4333.83,1746
2025.12.31,01:30,4333.89,4342.60,4328.33,4338.96,2216
2025.12.31,01:45,4338.95,4339.64,4333.26,4339.03,1976
2025.12.31,02:00,4339.04,4344.00,4338.93,4341.21,1392
2025.12.31,02:15,4341.27,4343.18,4332.58,4336.52,1601
2025.12.31,02:30,4336.37,4346.61,4332.89,4342.90,2749
2025.12.31,02:45,4342.98,4343.88,4336.44,4342.27,3131
2025.12.31,03:00,4342.25,4355.76,4336.82,4353.29,5277
2025.12.31,03:15,4353.25,4360.83,4349.00,4354.68,3970
2025.12.31,03:30,4354.61,4369.67,4354.42,4368.71,3514
2025.12.31,03:45,4368.72,4373.05,4365.40,4366.20,3342
2025.12.31,04:00,4366.34,4371.00,4361.14,4362.11,2966
2025.12.31,04:15,4362.12,4364.05,4357.61,4360.56,2686
2025.12.31,04:30,4360.23,4371.00,4357.80,4370.56,4236
2025.12.31,04:45,4370.55,4370.56,4346.50,4349.25,5923
2025.12.31,05:00,4349.55,4359.68,4343.66,4359.43,4473
2025.12.31,05:15,4359.41,4359.77,4340.81,4348.51,4970
2025.12.31,05:30,4348.49,4353.86,4346.53,4351.92,3302
2025.12.31,05:45,4351.90,4352.43,4345.50,4348.30,2844
2025.12.31,06:00,4348.49,4351.24,4344.70,4348.21,3095
2025.12.31,06:15,4348.23,4348.48,4342.20,4346.43,2557
2025.12.31,06:30,4346.53,4348.22,4342.58,4343.24,2270
2025.12.31,06:45,4343.25,4346.03,4330.74,4332.61,2912
2025.12.31,07:00,4332.65,4334.70,4329.38,4334.67,3338
2025.12.31,07:15,4334.75,4343.00,4332.78,4342.89,2812
2025.12.31,07:30,4341.69,4342.31,4319.57,4325.06,4679
2025.12.31,07:45,4325.12,4327.73,4275.74,4287.08,5504
2025.12.31,08:00,4286.98,4301.39,4274.61,4298.79,4237
2025.12.31,08:15,4298.84,4308.71,4292.54,4307.44,3864
2025.12.31,08:30,4307.42,4317.21,4304.73,4314.38,2997
2025.12.31,08:45,4314.40,4328.59,4311.72,4328.33,3063
2025.12.31,09:00,4327.95,4332.32,4323.56,4330.65,3107
2025.12.31,09:15,4330.74,4334.93,4328.85,4333.05,2773
2025.12.31,09:30,4333.31,4334.66,4330.34,4332.10,2171
2025.12.31,09:45,4332.11,4332.61,4326.79,4329.83,2638
2025.12.31,10:00,4329.92,4332.76,4320.10,4322.82,3404
2025.12.31,10:15,4322.71,4327.40,4321.94,4326.10,2300
2025.12.31,10:30,4326.05,4326.35,4316.97,4317.21,1791
2025.12.31,10:45,4317.18,4317.80,4303.33,4307.46,3191
2025.12.31,11:00,4307.45,4318.10,4307.23,4317.09,3166
2025.12.31,11:15,4317.10,4327.14,4310.85,4323.57,2826
2025.12.31,11:30,4323.54,4337.10,4323.21,4336.10,2247
2025.12.31,11:45,4336.05,4337.19,4325.29,4326.01,2554
2025.12.31,12:00,4326.03,4331.51,4324.33,4327.04,2325
2025.12.31,12:15,4327.07,4330.11,4319.54,4319.54,2139
2025.12.31,12:30,4319.52,4319.52,4305.18,4307.19,2558
2025.12.31,12:45,4307.20,4310.84,4303.47,4306.28,1893
2025.12.31,13:00,4306.23,4315.27,4304.01,4314.32,2172
2025.12.31,13:15,4314.31,4315.97,4309.76,4311.20,1733
2025.12.31,13:30,4311.16,4313.53,4307.64,4312.76,2068
2025.12.31,13:45,4312.62,4316.27,4309.26,4310.73,2629
2025.12.31,14:00,4310.70,4312.40,4305.37,4308.96,2640
2025.12.31,14:15,4308.94,4310.75,4303.01,4306.84,3129
2025.12.31,14:30,4306.85,4318.01,4306.71,4317.14,3155
2025.12.31,14:45,4317.21,4317.48,4310.71,4313.77,2834
2025.12.31,15:00,4313.86,4316.88,4307.93,4311.78,3379
2025.12.31,15:15,4311.87,4329.23,4311.52,4327.66,4478
2025.12.31,15:30,4328.82,4334.93,4325.79,4333.01,3881
2025.12.31,15:45,4333.16,4348.32,4332.14,4345.75,4030
2025.12.31,16:00,4345.85,4348.33,4334.57,4340.06,4098
2025.12.31,16:15,4340.09,4344.73,4333.03,4335.31,3323
2025.12.31,16:30,4335.27,4348.79,4332.84,4343.82,6334
2025.12.31,16:45,4343.87,4353.22,4342.32,4345.79,4873
2025.12.31,17:00,4345.58,4345.88,4328.87,4331.80,4877
2025.12.31,17:15,4331.83,4338.65,4327.31,4337.11,5464
2025.12.31,17:30,4337.06,4341.61,4329.02,4331.06,4936
2025.12.31,17:45,4330.81,4337.65,4327.40,4337.36,4282
2025.12.31,18:00,4337.37,4339.71,4321.62,4323.89,4192
2025.12.31,18:15,4323.80,4329.83,4321.93,4325.68,3903
2025.12.31,18:30,4325.54,4329.69,4319.27,4319.64,3178
2025.12.31,18:45,4319.69,4324.48,4317.04,4322.96,2813
2025.12.31,19:00,4323.52,4328.29,4320.47,4323.28,2568
2025.12.31,19:15,4323.25,4324.68,4318.05,4320.58,2667
2025.12.31,19:30,4320.57,4329.56,4318.96,4325.44,2952
2025.12.31,19:45,4325.41,4326.94,4320.17,4321.66,2841
2025.12.31,20:00,4321.77,4325.95,4321.64,4325.74,276
2026.01.02,01:00,4325.94,4335.20,4324.30,4330.73,1389
2026.01.02,01:15,4330.65,4342.50,4328.19,4341.22,1327
2026.01.02,01:30,4341.21,4345.53,4339.19,4345.21,1310
2026.01.02,01:45,4345.06,4351.29,4341.91,4348.99,1485
2026.01.02,02:00,4349.03,4353.01,4344.53,4347.96,1271
2026.01.02,02:15,4348.13,4349.28,4341.37,4347.19,1436
2026.01.02,02:30,4347.44,4350.73,4346.58,4349.53,2177
2026.01.02,02:45,4349.57,4355.95,4349.57,4353.96,1998
2026.01.02,03:00,4353.95,4356.01,4345.27,4346.90,2670
2026.01.02,03:15,4346.85,4349.74,4344.48,4348.98,2740
2026.01.02,03:30,4348.97,4351.29,4345.63,4346.52,2419
2026.01.02,03:45,4346.47,4354.37,4346.01,4347.89,2111
2026.01.02,04:00,4347.87,4351.90,4345.70,4346.95,1510
2026.01.02,04:15,4347.05,4348.34,4345.02,4347.65,2009
2026.01.02,04:30,4347.63,4353.29,4345.71,4351.15,2875
2026.01.02,04:45,4351.12,4363.08,4351.02,4362.72,2414
2026.01.02,05:00,4362.66,4371.69,4362.03,4369.02,2076
2026.01.02,05:15,4368.97,4370.59,4365.45,4368.96,2052
2026.01.02,05:30,4369.01,4374.45,4367.91,4373.65,2261
2026.01.02,05:45,4373.56,4375.52,4372.05,4374.93,2258
2026.01.02,06:00,4374.90,4378.30,4373.76,4374.72,2248
2026.01.02,06:15,4374.69,4375.87,4371.27,4373.44,2401
2026.01.02,06:30,4373.42,4375.33,4371.48,4375.30,1620
2026.01.02,06:45,4375.28,4375.84,4371.23,4373.45,1557
2026.01.02,07:00,4373.35,4380.04,4371.02,4377.67,2015
2026.01.02,07:15,4377.65,4379.97,4375.19,4378.18,2219
2026.01.02,07:30,4378.23,4379.78,4377.72,4378.70,1745
2026.01.02,07:45,4378.77,4381.64,4378.34,4380.68,1767
2026.01.02,08:00,4380.69,4380.90,4373.90,4375.05,1634
2026.01.02,08:15,4375.01,4379.86,4373.60,4379.71,1980
2026.01.02,08:30,4379.75,4379.75,4374.33,4374.33,1551
2026.01.02,08:45,4374.35,4376.17,4373.29,4374.75,1883
2026.01.02,09:00,4375.24,4377.86,4372.28,4377.23,2267
2026.01.02,09:15,4377.17,4377.38,4371.91,4373.72,1758
2026.01.02,09:30,4373.74,4380.58,4372.12,4375.59,2427
2026.01.02,09:45,4375.45,4383.25,4375.19,4382.15,2548
2026.01.02,10:00,4382.18,4386.45,4380.69,4384.94,2074
2026.01.02,10:15,4384.98,4385.69,4381.54,4385.24,1804
2026.01.02,10:30,4385.34,4390.53,4384.10,4390.53,2197
2026.01.02,10:45,4390.55,4397.55,4386.36,4386.40,2662
2026.01.02,11:00,4386.39,4391.05,4386.00,4390.35,2325
2026.01.02,11:15,4390.37,4391.48,4383.24,4388.58,2588
2026.01.02,11:30,4388.57,4389.72,4386.74,4388.62,1673
2026.01.02,11:45,4388.77,4389.40,4385.03,4385.36,1465
2026.01.02,12:00,4385.38,4388.39,4384.52,4388.05,1529
2026.01.02,12:15,4388.04,4389.98,4385.54,4386.56,1617
2026.01.02,12:30,4386.51,4396.44,4384.81,4393.57,2416
2026.01.02,12:45,4393.60,4398.42,4393.59,4396.12,2192
2026.01.02,13:00,4396.02,4397.76,4393.91,4395.11,1793
2026.01.02,13:15,4395.07,4399.25,4394.25,4394.33,1316
2026.01.02,13:30,4394.32,4395.64,4391.68,4394.98,1548
2026.01.02,13:45,4395.00,4395.52,4390.67,4392.92,1612
2026.01.02,14:00,4392.89,4397.22,4391.16,4395.07,1909
2026.01.02,14:15,4395.06,4398.19,4392.92,4393.20,1646
2026.01.02,14:30,4393.22,4394.47,4385.21,4388.03,2415
2026.01.02,14:45,4388.10,4394.64,4385.43,4394.42,2267
2026.01.02,15:00,4394.50,4401.20,4392.57,4399.74,2666
2026.01.02,15:15,4399.73,4402.24,4373.06,4374.22,4019
2026.01.02,15:30,4374.28,4377.11,4365.75,4372.32,4087
2026.01.02,15:45,4372.31,4377.76,4361.85,4365.13,3840
2026.01.02,16:00,4365.37,4372.60,4364.43,4370.25,3353
2026.01.02,16:15,4370.29,4373.57,4366.88,4368.64,3717
2026.01.02,16:30,4368.82,4370.06,4348.07,4356.31,6461
2026.01.02,16:45,4356.30,4363.10,4351.59,4351.89,5689
2026.01.02,17:00,4351.73,4356.97,4333.73,4339.82,5734
2026.01.02,17:15,4339.67,4342.62,4330.17,4336.51,5629
2026.01.02,17:30,4336.57,4346.66,4331.64,4345.98,5054
2026.01.02,17:45,4345.91,4346.96,4333.66,4335.36,5506
2026.01.02,18:00,4334.98,4337.30,4320.37,4321.75,6255
2026.01.02,18:15,4321.86,4324.85,4315.00,4321.00,5900
2026.01.02,18:30,4320.93,4328.08,4315.14,4325.62,4615
2026.01.02,18:45,4325.66,4328.26,4321.43,4325.77,4689
2026.01.02,19:00,4324.94,4333.48,4324.90,4330.09,4529
2026.01.02,19:15,4330.08,4332.91,4323.94,4328.70,3414
2026.01.02,19:30,4328.70,4331.16,4323.41,4326.14,3451
2026.01.02,19:45,4326.11,4328.02,4322.28,4322.41,4364
2026.01.02,20:00,4322.45,4323.56,4312.67,4314.84,3383
2026.01.02,20:15,4314.85,4321.60,4310.75,4318.64,4323
2026.01.02,20:30,4318.55,4319.50,4309.91,4312.34,3207
2026.01.02,20:45,4312.50,4315.69,4311.99,4315.69,3070
2026.01.02,21:00,4315.85,4322.05,4315.85,4321.59,3101
2026.01.02,21:15,4321.64,4323.10,4316.33,4318.59,3234
2026.01.02,21:30,4318.98,4326.22,4318.08,4322.64,3162
2026.01.02,21:45,4322.59,4322.85,4317.43,4318.02,3232
2026.01.02,22:00,4318.25,4321.37,4317.09,4319.25,3381
2026.01.02,22:15,4319.28,4329.31,4318.70,4328.20,2969
2026.01.02,22:30,4327.79,4329.22,4325.25,4326.97,2356
2026.01.02,22:45,4327.06,4331.55,4326.32,4331.14,2730
2026.01.02,23:00,4331.23,4331.76,4326.93,4328.98,1388
2026.01.02,23:15,4328.97,4329.68,4327.71,4328.78,627
2026.01.02,23:30,4328.73,4330.31,4327.18,4328.45,815
2026.01.02,23:45,4328.44,4333.25,4328.33,4332.16,972
2026.01.05,01:00,4361.13,4370.48,4345.65,4370.09,3130
2026.01.05,01:15,4369.92,4372.60,4360.93,4365.88,2172
2026.01.05,01:30,4365.46,4365.98,4354.33,4362.10,1955
2026.01.05,01:45,4362.06,4375.76,4361.30,4372.38,2347
2026.01.05,02:00,4372.39,4379.72,4370.15,4378.21,2142
2026.01.05,02:15,4378.26,4389.39,4377.64,4386.87,2271
2026.01.05,02:30,4386.84,4396.57,4385.57,4387.84,3245
2026.01.05,02:45,4387.77,4396.80,4384.98,4396.80,3990
2026.01.05,03:00,4396.50,4420.76,4394.36,4403.60,6263
2026.01.05,03:15,4403.72,4405.19,4394.16,4396.77,4893
2026.01.05,03:30,4396.82,4405.03,4393.03,4403.97,4853
2026.01.05,03:45,4404.00,4406.73,4391.19,4401.89,4863
2026.01.05,04:00,4401.80,4404.89,4388.51,4394.18,4471
2026.01.05,04:15,4394.30,4402.82,4392.53,4401.67,3278
2026.01.05,04:30,4401.49,4406.83,4399.67,4400.32,4233
2026.01.05,04:45,4400.25,4409.56,4398.61,4405.38,4591
2026.01.05,05:00,4405.41,4413.82,4405.33,4410.57,4884
2026.01.05,05:15,4410.58,4412.58,4405.81,4406.93,3532
2026.01.05,05:30,4406.98,4410.61,4403.43,4409.67,3302
2026.01.05,05:45,4409.66,4410.22,4399.61,4399.61,2627
2026.01.05,06:00,4399.77,4404.26,4397.21,4399.94,2394
2026.01.05,06:15,4399.99,4406.24,4399.88,4404.77,1677
2026.01.05,06:30,4404.48,4407.56,4404.20,4405.76,1771
2026.01.05,06:45,4405.77,4408.32,4403.44,4403.96,1964
2026.01.05,07:00,4403.97,4408.83,4403.48,4407.95,1609
2026.01.05,07:15,4407.93,4412.60,4406.73,4412.43,1786
2026.01.05,07:30,4412.39,4414.42,4401.67,4401.67,3637
2026.01.05,07:45,4401.64,4412.25,4401.02,4412.25,3068
2026.01.05,08:00,4412.06,4420.03,4411.25,4418.10,4420
2026.01.05,08:15,4418.02,4425.98,4415.53,4424.29,3641
2026.01.05,08:30,4424.27,4426.31,4416.07,4420.21,3644
2026.01.05,08:45,4420.43,4421.92,4418.06,4420.27,2581
2026.01.05,09:00,4420.22,4423.94,4416.62,4419.77,2661
2026.01.05,09:15,4419.74,4423.25,4418.85,4420.21,2319
2026.01.05,09:30,4419.86,4425.02,4418.58,4424.62,2980
2026.01.05,09:45,4424.63,4424.66,4419.85,4421.76,2621
2026.01.05,10:00,4421.90,4425.11,4419.27,4424.13,2608
2026.01.05,10:15,4424.14,4430.00,4424.14,4426.51,2793
2026.01.05,10:30,4426.47,4430.74,4423.58,4429.86,2894
2026.01.05,10:45,4429.93,4433.66,4429.53,4429.53,2251
2026.01.05,11:00,4429.49,4432.02,4426.12,4430.38,2601
2026.01.05,11:15,4430.39,4434.38,4429.65,4432.47,2526
2026.01.05,11:30,4432.44,4437.92,4430.94,4437.73,2685
2026.01.05,11:45,4437.71,4438.14,4433.85,4434.89,2592
2026.01.05,12:00,4434.90,4435.18,4430.75,4433.07,2001
2026.01.05,12:15,4433.12,4436.51,4431.33,4432.87,1791
2026.01.05,12:30,4432.80,4438.92,4432.59,4434.91,2241
2026.01.05,12:45,4434.93,4439.70,4434.10,4436.14,2935
2026.01.05,13:00,4436.22,4437.26,4430.04,4433.26,3380
2026.01.05,13:15,4433.25,4433.68,4410.94,4417.24,4069
2026.01.05,13:30,4417.23,4424.52,4415.25,4424.00,3384
2026.01.05,13:45,4424.05,4425.98,4418.12,4419.47,3029
2026.01.05,14:00,4419.30,4421.36,4416.74,4417.65,3462
2026.01.05,14:15,4417.29,4418.42,4413.89,4415.66,2772
2026.01.05,14:30,4415.65,4417.09,4406.16,4409.90,2962
2026.01.05,14:45,4409.86,4412.33,4405.54,4409.53,3412
2026.01.05,15:00,4409.55,4418.78,4407.22,4408.51,5213
2026.01.05,15:15,4408.52,4413.05,4397.62,4400.49,5096
2026.01.05,15:30,4400.33,4414.28,4396.16,4412.13,4933
2026.01.05,15:45,4412.24,4417.16,4411.29,4416.82,3608
2026.01.05,16:00,4416.95,4428.32,4416.95,4426.22,4870
2026.01.05,16:15,4426.26,4429.64,4419.86,4419.86,4788
2026.01.05,16:30,4419.54,4429.91,4417.93,4429.54,6345
2026.01.05,16:45,4429.56,4442.71,4428.06,4437.58,5562
2026.01.05,17:00,4437.70,4455.76,4437.70,4448.66,6126
2026.01.05,17:15,4448.42,4452.33,4442.40,4444.87,4793
2026.01.05,17:30,4444.88,4447.76,4435.35,4447.17,4818
2026.01.05,17:45,4447.13,4449.84,4440.56,4448.21,4011
2026.01.05,18:00,4448.20,4451.31,4438.30,4446.49,3876
2026.01.05,18:15,4446.52,4448.60,4440.28,4440.67,2893
2026.01.05,18:30,4440.64,4445.93,4440.18,4445.02,2685
2026.01.05,18:45,4445.00,4454.30,4440.71,4441.66,3428
2026.01.05,19:00,4441.83,4442.37,4432.28,4442.26,4313
2026.01.05,19:15,4442.27,4449.02,4442.26,4445.77,2889
2026.01.05,19:30,4445.80,4447.37,4437.73,4439.44,3364
2026.01.05,19:45,4439.42,4445.64,4439.13,4444.04,2950
2026.01.05,20:00,4444.05,4448.22,4441.76,4447.27,2748
2026.01.05,20:15,4447.23,4448.45,4439.75,4441.00,3093
2026.01.05,20:30,4441.03,4445.75,4441.01,4443.57,2335
2026.01.05,20:45,4443.58,4449.19,4442.61,4448.63,2171
2026.01.05,21:00,4448.60,4448.96,4434.86,4439.71,3876
2026.01.05,21:15,4439.87,4442.79,4437.57,4441.51,3007
2026.01.05,21:30,4441.52,4445.72,4441.05,4442.59,2387
2026.01.05,21:45,4442.58,4444.07,4438.55,4439.66,2255
2026.01.05,22:00,4439.50,4445.38,4439.00,4443.91,3214
2026.01.05,22:15,4444.10,4446.98,4442.75,4445.53,3353
2026.01.05,22:30,4445.51,4445.51,4437.92,4438.12,2947
2026.01.05,22:45,4438.01,4445.92,4438.01,4445.10,2827
2026.01.05,23:00,4445.21,4448.09,4444.93,4446.90,1370
2026.01.05,23:15,4446.98,4447.02,4443.40,4445.51,747
2026.01.05,23:30,4445.38,4448.21,4445.38,4445.51,713
2026.01.05,23:45,4445.68,4449.19,4445.37,4449.10,668
2026.01.06,01:00,4448.82,4459.95,4448.74,4451.49,1552
2026.01.06,01:15,4451.44,4453.43,4448.65,4449.06,1260
2026.01.06,01:30,4449.31,4450.25,4438.76,4442.93,1652
2026.01.06,01:45,4442.92,4444.01,4436.75,4440.46,1256
2026.01.06,02:00,4440.51,4441.65,4436.48,4440.38,1650
2026.01.06,02:15,4440.42,4442.39,4439.27,4440.66,1521
2026.01.06,02:30,4440.72,4444.67,4430.30,4436.98,2614
2026.01.06,02:45,4436.97,4438.08,4434.53,4436.34,2381
2026.01.06,03:00,4436.07,4442.19,4427.89,4442.00,4364
2026.01.06,03:15,4442.05,4444.10,4433.85,4435.60,3855
2026.01.06,03:30,4435.56,4443.18,4432.64,4439.36,3140
2026.01.06,03:45,4439.45,4452.15,4438.27,4450.96,3460
2026.01.06,04:00,4450.84,4460.44,4448.61,4458.91,4131
2026.01.06,04:15,4458.90,4460.55,4456.37,4460.19,2657
2026.01.06,04:30,4460.11,4460.89,4448.73,4453.53,3732
2026.01.06,04:45,4453.48,4457.45,4451.75,4454.79,2888
2026.01.06,05:00,4454.81,4465.34,4453.97,4462.35,2932
2026.01.06,05:15,4462.34,4467.92,4462.02,4463.61,3064
2026.01.06,05:30,4463.58,4467.59,4463.04,4466.15,1490
2026.01.06,05:45,4466.06,4468.02,4464.58,4467.59,1509
2026.01.06,06:00,4467.57,4468.45,4464.61,4465.58,1492
2026.01.06,06:15,4465.52,4467.35,4463.23,4464.74,1788
2026.01.06,06:30,4464.83,4466.28,4461.82,4462.62,1154
2026.01.06,06:45,4462.65,4468.44,4462.53,4467.04,1300
2026.01.06,07:00,4467.14,4469.43,4467.02,4467.20,1679
2026.01.06,07:15,4467.19,4470.63,4466.73,4469.65,1728
2026.01.06,07:30,4469.66,4474.04,4461.74,4463.01,3624
2026.01.06,07:45,4463.27,4464.62,4449.44,4452.44,4276
2026.01.06,08:00,4452.55,4458.28,4451.48,4456.74,3171
2026.01.06,08:15,4457.03,4461.14,4455.30,4460.98,2941
2026.01.06,08:30,4461.03,4465.67,4458.95,4463.39,3262
2026.01.06,08:45,4463.37,4466.86,4461.03,4465.32,2800
2026.01.06,09:00,4465.30,4470.35,4464.19,4468.39,2570
2026.01.06,09:15,4468.53,4469.66,4461.56,4464.46,1854
2026.01.06,09:30,4464.78,4467.10,4463.37,4464.13,1499
2026.01.06,09:45,4464.14,4466.29,4457.09,4458.62,2861
2026.01.06,10:00,4458.61,4463.34,4457.42,4461.94,2739
2026.01.06,10:15,4461.95,4475.63,4461.58,4470.97,2346
2026.01.06,10:30,4470.95,4472.51,4464.37,4465.69,2832
2026.01.06,10:45,4465.71,4469.33,4464.87,4468.22,1840
2026.01.06,11:00,4468.27,4468.36,4453.58,4457.99,2730
2026.01.06,11:15,4458.00,4458.14,4451.97,4456.52,2669
2026.01.06,11:30,4456.62,4456.98,4453.59,4455.78,1878
2026.01.06,11:45,4455.72,4456.12,4444.72,4446.16,3729
2026.01.06,12:00,4446.13,4452.23,4442.54,4450.03,2753
2026.01.06,12:15,4450.08,4452.55,4448.58,4449.96,2014
2026.01.06,12:30,4450.01,4455.91,4448.40,4451.02,2321
2026.01.06,12:45,4451.00,4453.12,4449.28,4451.84,1721
2026.01.06,13:00,4451.76,4452.92,4449.74,4450.60,1493
2026.01.06,13:15,4450.62,4455.62,4448.63,4455.45,1723
2026.01.06,13:30,4455.46,4462.32,4454.78,4462.08,2367
2026.01.06,13:45,4462.10,4464.42,4459.73,4463.22,2115
2026.01.06,14:00,4463.45,4464.54,4461.56,4462.15,2264
2026.01.06,14:15,4462.18,4465.61,4461.44,4464.51,2068
2026.01.06,14:30,4464.66,4466.17,4458.75,4461.93,2759
2026.01.06,14:45,4461.98,4464.69,4459.55,4463.49,1830
2026.01.06,15:00,4463.56,4468.08,4459.64,4465.48,4691
2026.01.06,15:15,4465.42,4470.32,4457.41,4459.09,4451
2026.01.06,15:30,4459.00,4462.15,4455.74,4461.05,4261
2026.01.06,15:45,4461.11,4468.42,4454.13,4468.42,3805
2026.01.06,16:00,4468.37,4472.54,4466.25,4471.95,4092
2026.01.06,16:15,4471.99,4473.28,4464.49,4466.68,3942
2026.01.06,16:30,4466.65,4483.07,4465.16,4479.46,5720
2026.01.06,16:45,4479.45,4489.62,4479.37,4487.09,4888
2026.01.06,17:00,4486.92,4490.92,4478.94,4480.07,5476
2026.01.06,17:15,4480.13,4483.26,4473.80,4481.21,5311
2026.01.06,17:30,4481.23,4481.87,4462.99,4475.45,5957
2026.01.06,17:45,4475.35,4479.69,4471.54,4478.07,4496
2026.01.06,18:00,4478.02,4482.95,4471.48,4478.82,4700
2026.01.06,18:15,4478.81,4485.24,4477.60,4483.46,4104
2026.01.06,18:30,4483.47,4488.82,4482.44,4487.49,3898
2026.01.06,18:45,4487.12,4488.74,4484.26,4488.52,3990
2026.01.06,19:00,4488.25,4490.12,4484.35,4488.36,3240
2026.01.06,19:15,4488.38,4490.17,4485.81,4487.05,2846
2026.01.06,19:30,4486.96,4489.72,4481.55,4483.88,3136
2026.01.06,19:45,4483.91,4491.40,4483.33,4489.19,3268
2026.01.06,20:00,4489.15,4491.51,4486.21,4491.03,3111
2026.01.06,20:15,4491.02,4493.91,4484.29,4486.61,3386
2026.01.06,20:30,4486.50,4487.77,4482.17,4486.15,2842
2026.01.06,20:45,4486.20,4490.28,4486.10,4488.47,1929
2026.01.06,21:00,4488.67,4489.37,4481.90,4482.00,2888
2026.01.06,21:15,4482.01,4484.51,4477.29,4480.80,2878
2026.01.06,21:30,4480.83,4483.52,4477.74,4481.51,2384
2026.01.06,21:45,4481.62,4483.63,4479.10,4481.23,2552
2026.01.06,22:00,4481.24,4486.78,4480.30,4485.34,2194
2026.01.06,22:15,4485.35,4487.56,4484.58,4485.55,1733
2026.01.06,22:30,4485.52,4490.07,4483.68,4489.75,2988
2026.01.06,22:45,4489.94,4496.87,4488.64,4493.70,2879
2026.01.06,23:00,4493.53,4494.34,4491.84,4491.96,1380
2026.01.06,23:15,4491.91,4494.51,4491.91,4493.92,712
2026.01.06,23:30,4493.91,4496.91,4493.84,4496.16,791
2026.01.06,23:45,4495.99,4497.30,4493.90,4494.60,1038
2026.01.07,01:00,4495.27,4499.12,4494.64,4497.33,1083
2026.01.07,01:15,4497.32,4500.43,4496.96,4498.40,1455
2026.01.07,01:30,4498.33,4499.42,4494.76,4495.24,1078
2026.01.07,01:45,4495.17,4496.28,4492.14,4493.32,1626
2026.01.07,02:00,4493.85,4494.11,4490.28,4493.10,1611
2026.01.07,02:15,4493.28,4493.49,4489.73,4491.47,1243
2026.01.07,02:30,4491.37,4494.82,4488.11,4489.88,2274
2026.01.07,02:45,4489.86,4491.96,4482.50,4491.70,2444
2026.01.07,03:00,4491.82,4495.60,4468.92,4471.24,5274
2026.01.07,03:15,4471.35,4478.78,4470.89,4477.69,3995
2026.01.07,03:30,4477.63,4477.78,4464.94,4468.37,4700
2026.01.07,03:45,4468.38,4470.46,4461.11,4465.13,3585
2026.01.07,04:00,4465.10,4475.54,4459.56,4472.11,4348
2026.01.07,04:15,4472.08,4474.94,4468.35,4473.72,2208
2026.01.07,04:30,4473.63,4478.48,4473.45,4475.74,3130
2026.01.07,04:45,4475.80,4478.70,4473.78,4474.67,2748
2026.01.07,05:00,4474.66,4477.03,4471.86,4474.68,3421
2026.01.07,05:15,4474.62,4480.24,4472.62,4476.42,4179
2026.01.07,05:30,4476.44,4478.77,4475.68,4478.27,2157
2026.01.07,05:45,4478.35,4478.35,4473.62,4474.53,2036
2026.01.07,06:00,4474.47,4476.04,4469.36,4470.51,2912
2026.01.07,06:15,4470.52,4471.96,4465.91,4465.96,2344
2026.01.07,06:30,4465.93,4468.51,4463.52,4465.12,2414
2026.01.07,06:45,4465.08,4467.10,4463.84,4464.69,1987
2026.01.07,07:00,4464.51,4467.18,4461.90,4465.83,2119
2026.01.07,07:15,4465.71,4470.17,4465.11,4468.59,1900
2026.01.07,07:30,4468.57,4469.09,4448.76,4452.38,5262
2026.01.07,07:45,4452.35,4454.41,4443.27,4454.20,4337
2026.01.07,08:00,4454.18,4458.90,4452.90,4456.01,3469
2026.01.07,08:15,4456.07,4460.25,4452.11,4454.79,3418
2026.01.07,08:30,4454.76,4455.30,4443.66,4446.40,3390
2026.01.07,08:45,4446.18,4450.78,4441.49,4444.14,3270
2026.01.07,09:00,4443.87,4450.88,4441.65,4450.20,2849
2026.01.07,09:15,4450.27,4454.88,4448.25,4454.81,2121
2026.01.07,09:30,4454.76,4459.91,4453.55,4458.65,2225
2026.01.07,09:45,4458.63,4465.04,4458.50,4461.10,1962
2026.01.07,10:00,4461.11,4466.26,4459.28,4465.95,1925
2026.01.07,10:15,4465.79,4468.48,4463.66,4465.03,1998
2026.01.07,10:30,4465.05,4474.55,4464.04,4466.74,2566
2026.01.07,10:45,4466.66,4470.51,4465.49,4468.07,2414
2026.01.07,11:00,4467.66,4468.56,4459.34,4465.78,2810
2026.01.07,11:15,4465.83,4467.21,4461.50,4461.51,1995
2026.01.07,11:30,4461.57,4464.37,4460.90,4461.39,1378
2026.01.07,11:45,4461.43,4465.51,4459.98,4462.91,1612
2026.01.07,12:00,4462.61,4465.48,4461.34,4464.67,1913
2026.01.07,12:15,4464.69,4466.55,4458.70,4459.83,2235
2026.01.07,12:30,4460.05,4467.20,4458.87,4465.85,1800
2026.01.07,12:45,4465.90,4467.61,4463.66,4464.38,1315
2026.01.07,13:00,4464.39,4464.78,4461.03,4461.48,1613
2026.01.07,13:15,4461.43,4464.15,4455.22,4458.98,1701
2026.01.07,13:30,4459.03,4459.98,4450.44,4450.44,1818
2026.01.07,13:45,4450.62,4454.58,4446.43,4447.33,2964
2026.01.07,14:00,4447.83,4450.15,4443.47,4445.57,3181
2026.01.07,14:15,4445.56,4450.42,4439.22,4449.89,3553
2026.01.07,14:30,4449.88,4454.95,4449.32,4450.08,3152
2026.01.07,14:45,4449.90,4453.74,4443.81,4444.02,3205
2026.01.07,15:00,4444.20,4449.77,4427.69,4433.28,5633
2026.01.07,15:15,4433.49,4447.04,4430.12,4442.87,4921
2026.01.07,15:30,4442.32,4450.59,4438.06,4445.47,5224
2026.01.07,15:45,4445.45,4452.95,4444.69,4452.46,3981
2026.01.07,16:00,4452.47,4454.08,4446.83,4446.83,4756
2026.01.07,16:15,4446.92,4453.46,4442.71,4444.64,4115
2026.01.07,16:30,4444.11,4452.13,4435.55,4444.12,5925
2026.01.07,16:45,4444.09,4452.99,4440.74,4445.32,5095
2026.01.07,17:00,4443.76,4444.56,4426.38,4426.68,5354
2026.01.07,17:15,4426.39,4442.29,4423.32,4442.24,4840
2026.01.07,17:30,4442.20,4452.10,4441.86,4442.09,5444
2026.01.07,17:45,4442.05,4447.88,4440.53,4446.12,4281
2026.01.07,18:00,4446.16,4450.15,4443.76,4447.24,4108
2026.01.07,18:15,4447.29,4461.06,4444.57,4457.59,4227
2026.01.07,18:30,4457.56,4467.99,4456.88,4467.63,4670
2026.01.07,18:45,4467.62,4468.24,4461.83,4463.94,3413
2026.01.07,19:00,4463.99,4465.28,4457.74,4460.01,3084
2026.01.07,19:15,4459.98,4462.86,4457.08,4458.34,2504
2026.01.07,19:30,4458.40,4461.33,4455.92,4456.82,2851
2026.01.07,19:45,4456.77,4459.21,4449.70,4451.49,3411
2026.01.07,20:00,4451.65,4452.82,4447.85,4449.63,3997
2026.01.07,20:15,4449.64,4455.72,4447.12,4452.44,3518
2026.01.07,20:30,4452.50,4458.72,4451.66,4456.11,2535
2026.01.07,20:45,4456.20,4456.34,4449.96,4451.98,2613
2026.01.07,21:00,4451.96,4455.25,4447.73,4449.48,3212
2026.01.07,21:15,4449.45,4450.99,4445.28,4450.48,2738
2026.01.07,21:30,4450.52,4457.19,4450.41,4453.28,2705
2026.01.07,21:45,4453.41,4457.90,4452.01,4456.87,2495
2026.01.07,22:00,4456.92,4459.37,4455.29,4458.08,3236
2026.01.07,22:15,4457.98,4461.50,4455.90,4458.04,2636
2026.01.07,22:30,4458.08,4460.24,4456.40,4456.71,2799
2026.01.07,22:45,4456.66,4459.66,4450.46,4452.01,3500
2026.01.07,23:00,4451.97,4454.49,4449.73,4453.97,1582
2026.01.07,23:15,4454.13,4455.01,4451.75,4452.35,890
2026.01.07,23:30,4452.37,4454.37,4452.15,4453.12,707
2026.01.07,23:45,4453.34,4456.55,4452.59,4456.25,709
2026.01.08,01:00,4458.74,4462.59,4458.43,4459.56,799
2026.01.08,01:15,4459.57,4463.86,4459.14,4461.88,1019
2026.01.08,01:30,4461.55,4462.66,4459.72,4461.64,972
2026.01.08,01:45,4461.25,4463.81,4459.88,4463.37,1014
2026.01.08,02:00,4463.07,4465.80,4462.45,4465.62,1246
2026.01.08,02:15,4465.94,4466.25,4454.11,4456.85,1267
2026.01.08,02:30,4456.81,4458.88,4450.34,4451.55,2734
2026.01.08,02:45,4451.39,4452.33,4446.68,4449.96,2752
2026.01.08,03:00,4449.59,4460.30,4444.51,4457.33,4408
2026.01.08,03:15,4457.36,4460.27,4454.42,4454.96,3874
2026.01.08,03:30,4454.98,4457.52,4445.93,4447.15,3730
2026.01.08,03:45,4447.12,4448.41,4441.85,4448.36,3080
2026.01.08,04:00,4448.41,4449.52,4440.22,4446.11,3374
2026.01.08,04:15,4446.21,4446.59,4440.88,4441.15,1827
2026.01.08,04:30,4440.85,4442.65,4433.49,4441.75,4610
2026.01.08,04:45,4441.79,4444.05,4437.40,4441.22,3763
2026.01.08,05:00,4441.25,4445.57,4438.81,4442.57,3337
2026.01.08,05:15,4442.53,4445.74,4437.26,4444.18,3340
2026.01.08,05:30,4444.17,4446.37,4439.96,4441.88,1714
2026.01.08,05:45,4441.87,4442.72,4438.10,4440.04,2279
2026.01.08,06:00,4440.02,4440.16,4436.61,4439.92,1563
2026.01.08,06:15,4439.91,4440.41,4436.45,4436.49,1392
2026.01.08,06:30,4436.44,4438.76,4431.94,4432.04,2330
2026.01.08,06:45,4432.02,4433.11,4430.12,4431.39,2074
2026.01.08,07:00,4431.38,4432.29,4425.83,4426.79,2830
2026.01.08,07:15,4426.82,4429.46,4422.54,4424.07,2787
2026.01.08,07:30,4424.19,4426.54,4415.61,4418.69,5940
2026.01.08,07:45,4418.74,4427.78,4415.68,4425.18,4321
2026.01.08,08:00,4425.16,4429.29,4415.94,4420.50,4727
2026.01.08,08:15,4420.42,4428.23,4418.49,4426.10,4592
2026.01.08,08:30,4426.16,4437.73,4426.16,4435.64,3870
2026.01.08,08:45,4435.67,4436.13,4429.88,4433.26,4643
2026.01.08,09:00,4433.45,4439.68,4432.02,4435.83,2903
2026.01.08,09:15,4435.90,4436.86,4430.78,4436.20,2718
2026.01.08,09:30,4436.19,4436.64,4430.84,4431.30,2114
2026.01.08,09:45,4430.91,4433.86,4428.34,4431.56,2929
2026.01.08,10:00,4431.55,4433.18,4425.58,4425.65,3203
2026.01.08,10:15,4425.64,4430.60,4425.27,4426.72,2279
2026.01.08,10:30,4426.78,4428.55,4419.81,4421.09,3276
2026.01.08,10:45,4421.50,4432.85,4420.90,4431.48,3912
2026.01.08,11:00,4431.47,4435.36,4430.45,4431.13,3087
2026.01.08,11:15,4431.08,4431.15,4425.95,4430.22,2882
2026.01.08,11:30,4430.24,4434.69,4429.69,4433.09,2473
2026.01.08,11:45,4433.04,4433.27,4428.99,4432.50,2009
2026.01.08,12:00,4432.49,4432.59,4427.49,4429.19,2393
2026.01.08,12:15,4429.21,4430.47,4422.96,4424.51,2676
2026.01.08,12:30,4424.52,4434.71,4423.54,4432.32,1989
2026.01.08,12:45,4432.37,4433.78,4429.86,4432.83,1252
2026.01.08,13:00,4432.84,4432.98,4427.38,4428.17,1762
2026.01.08,13:15,4428.13,4429.49,4424.70,4426.29,2975
2026.01.08,13:30,4426.14,4427.98,4424.66,4426.35,2267
2026.01.08,13:45,4426.33,4427.17,4422.13,4422.76,2086
2026.01.08,14:00,4422.81,4422.85,4411.78,4412.26,4238
2026.01.08,14:15,4412.27,4422.21,4407.62,4420.36,3867
2026.01.08,14:30,4420.27,4431.24,4420.05,4428.91,3520
2026.01.08,14:45,4428.90,4430.27,4426.34,4427.57,2929
2026.01.08,15:00,4427.40,4429.57,4417.26,4420.44,5080
2026.01.08,15:15,4420.37,4436.00,4420.37,4434.40,4507
2026.01.08,15:30,4434.57,4435.61,4425.81,4433.45,3923
2026.01.08,15:45,4433.42,4433.76,4421.68,4422.59,4233
2026.01.08,16:00,4422.62,4427.92,4419.03,4422.96,4566
2026.01.08,16:15,4422.57,4430.10,4419.38,4425.37,3469
2026.01.08,16:30,4425.02,4435.41,4421.65,4426.27,6014
2026.01.08,16:45,4426.24,4439.26,4425.92,4431.53,5678
2026.01.08,17:00,4431.56,4449.07,4427.71,4448.02,5560
2026.01.08,17:15,4448.03,4453.87,4443.33,4447.57,5207
2026.01.08,17:30,4447.60,4455.39,4446.66,4452.94,4529
2026.01.08,17:45,4453.27,4456.32,4447.57,4454.09,4448
2026.01.08,18:00,4454.18,4457.92,4447.12,4447.18,4386
2026.01.08,18:15,4447.19,4455.09,4446.88,4453.52,4201
2026.01.08,18:30,4453.51,4464.44,4451.92,4460.71,4062
2026.01.08,18:45,4460.72,4464.26,4457.69,4463.65,3419
2026.01.08,19:00,4463.73,4465.25,4458.07,4459.77,3488
2026.01.08,19:15,4459.62,4462.27,4457.52,4461.88,3406
2026.01.08,19:30,4461.89,4463.44,4458.96,4461.31,2673
2026.01.08,19:45,4461.32,4463.95,4459.09,4462.72,2350
2026.01.08,20:00,4462.74,4462.83,4452.23,4453.74,3428
2026.01.08,20:15,4453.75,4456.47,4449.27,4452.02,3848
2026.01.08,20:30,4451.91,4453.58,4447.84,4452.20,2628
2026.01.08,20:45,4452.19,4454.91,4449.23,4449.45,2354
2026.01.08,21:00,4449.43,4451.14,4446.90,4447.22,2497
2026.01.08,21:15,4447.32,4449.76,4444.60,4447.63,2893
2026.01.08,21:30,4447.64,4452.75,4447.53,4451.46,2250
2026.01.08,21:45,4451.47,4452.77,4449.55,4452.02,2104
2026.01.08,22:00,4452.17,4458.85,4451.42,4458.21,2561
2026.01.08,22:15,4458.16,4473.69,4457.35,4470.78,3087
2026.01.08,22:30,4470.94,4477.95,4470.80,4473.98,3284
2026.01.08,22:45,4474.02,4477.88,4471.92,4476.11,3237
2026.01.08,23:00,4476.15,4479.53,4476.15,4477.68,1542
2026.01.08,23:15,4478.07,4478.43,4472.53,4474.89,1401
2026.01.08,23:30,4474.88,4475.63,4472.59,4474.13,1115
2026.01.08,23:45,4474.04,4478.52,4473.52,4477.83,925
2026.01.09,01:00,4480.09,4483.84,4475.41,4476.87,1630
2026.01.09,01:15,4477.16,4478.33,4474.93,4476.96,1230
2026.01.09,01:30,4477.03,4477.19,4475.05,4475.64,997
2026.01.09,01:45,4475.67,4476.14,4472.80,4475.57,1090
2026.01.09,02:00,4475.56,4476.48,4471.54,4471.54,1168
2026.01.09,02:15,4471.50,4472.72,4463.47,4465.69,1756
2026.01.09,02:30,4465.66,4468.57,4463.72,4467.64,1839
2026.01.09,02:45,4467.71,4467.71,4459.89,4463.42,2181
2026.01.09,03:00,4463.41,4465.59,4452.88,4459.02,4761
2026.01.09,03:15,4458.97,4461.42,4452.98,4457.64,3815
2026.01.09,03:30,4457.69,4463.25,4456.10,4462.46,3050
2026.01.09,03:45,4462.50,4469.88,4462.38,4469.43,3399
2026.01.09,04:00,4469.38,4476.39,4469.38,4471.81,3457
2026.01.09,04:15,4471.65,4474.31,4469.91,4472.41,1656
2026.01.09,04:30,4472.62,4475.43,4468.22,4473.50,3056
2026.01.09,04:45,4473.51,4473.51,4465.50,4469.60,2722
2026.01.09,05:00,4469.78,4469.87,4462.19,4464.17,2975
2026.01.09,05:15,4463.76,4466.30,4460.97,4463.39,2739
2026.01.09,05:30,4463.38,4465.41,4460.41,4463.76,1524
2026.01.09,05:45,4463.81,4465.74,4463.67,4463.97,1289
2026.01.09,06:00,4463.93,4465.49,4462.35,4462.48,1321
2026.01.09,06:15,4462.44,4463.90,4460.64,4462.64,1510
2026.01.09,06:30,4462.60,4465.05,4461.49,4463.07,1416
2026.01.09,06:45,4463.17,4466.81,4461.82,4463.99,1152
2026.01.09,07:00,4463.98,4466.69,4461.67,4462.98,1158
2026.01.09,07:15,4463.08,4465.11,4458.17,4464.29,1886
2026.01.09,07:30,4465.41,4471.64,4465.41,4467.65,3454
2026.01.09,07:45,4467.64,4469.34,4465.47,4468.40,3114
2026.01.09,08:00,4468.43,4470.83,4466.00,4467.42,2474
2026.01.09,08:15,4467.32,4473.50,4466.07,4473.50,2160
2026.01.09,08:30,4473.46,4475.58,4473.03,4475.04,2521
2026.01.09,08:45,4475.06,4477.24,4472.69,4474.07,2695
2026.01.09,09:00,4474.14,4475.35,4470.60,4471.20,2091
2026.01.09,09:15,4471.22,4473.00,4468.65,4470.62,1926
2026.01.09,09:30,4470.67,4472.85,4468.41,4471.62,1238
2026.01.09,09:45,4471.47,4473.36,4469.40,4469.95,1530
2026.01.09,10:00,4469.81,4476.81,4466.27,4474.29,2249
2026.01.09,10:15,4474.28,4475.25,4472.32,4473.21,1838
2026.01.09,10:30,4473.24,4473.83,4465.51,4466.65,1982
2026.01.09,10:45,4466.77,4468.46,4463.98,4468.34,1963
2026.01.09,11:00,4468.35,4475.01,4468.30,4474.64,2511
2026.01.09,11:15,4474.62,4477.51,4473.12,4473.80,1843
2026.01.09,11:30,4474.10,4475.02,4471.51,4471.57,1811
2026.01.09,11:45,4471.79,4474.22,4470.68,4471.06,1548
2026.01.09,12:00,4471.02,4474.15,4469.73,4471.91,1208
2026.01.09,12:15,4471.93,4473.72,4468.91,4468.98,1224
2026.01.09,12:30,4469.00,4472.37,4468.11,4469.05,1577
2026.01.09,12:45,4469.08,4472.70,4467.06,4472.67,1573
2026.01.09,13:00,4472.90,4474.65,4469.87,4471.98,1402
2026.01.09,13:15,4472.06,4472.91,4470.49,4470.63,1313
2026.01.09,13:30,4470.65,4471.82,4469.20,4470.24,1599
2026.01.09,13:45,4470.23,4476.10,4468.65,4475.80,1831
2026.01.09,14:00,4475.81,4480.43,4472.01,4474.04,2507
2026.01.09,14:15,4474.16,4474.71,4467.04,4467.70,2181
2026.01.09,14:30,4467.73,4468.65,4461.05,4465.99,2634
2026.01.09,14:45,4465.98,4468.19,4463.68,4466.10,2359
2026.01.09,15:00,4466.02,4473.69,4463.69,4467.39,4708
2026.01.09,15:15,4467.43,4474.58,4462.09,4472.89,4153
2026.01.09,15:30,4472.87,4491.67,4458.63,4487.20,6319
2026.01.09,15:45,4487.23,4488.81,4478.82,4481.38,4963
2026.01.09,16:00,4482.58,4496.46,4480.53,4489.73,5355
2026.01.09,16:15,4489.76,4495.89,4483.52,4491.63,5080
2026.01.09,16:30,4491.81,4497.90,4482.53,4487.41,5980
2026.01.09,16:45,4487.54,4495.28,4479.09,4494.92,6042
2026.01.09,17:00,4494.58,4500.30,4490.15,4496.69,5740
2026.01.09,17:15,4496.65,4510.99,4493.36,4505.35,5525
2026.01.09,17:30,4505.34,4517.09,4505.34,4514.40,4493
2026.01.09,17:45,4514.44,4514.76,4508.41,4512.22,4347
2026.01.09,18:00,4512.23,4514.19,4499.72,4503.05,4994
2026.01.09,18:15,4503.07,4507.01,4500.13,4503.67,4488
2026.01.09,18:30,4503.58,4506.88,4500.82,4504.67,3680
2026.01.09,18:45,4504.70,4507.97,4501.77,4507.40,3090
2026.01.09,19:00,4507.57,4511.34,4504.50,4508.84,3555
2026.01.09,19:15,4508.77,4508.77,4501.92,4503.76,3466
2026.01.09,19:30,4503.73,4510.07,4501.18,4501.75,3453
2026.01.09,19:45,4501.81,4503.12,4482.00,4483.49,4388
2026.01.09,20:00,4483.14,4493.13,4483.00,4492.71,3543
2026.01.09,20:15,4492.79,4494.58,4489.68,4491.37,3940
2026.01.09,20:30,4491.36,4504.47,4491.13,4502.26,3013
2026.01.09,20:45,4502.24,4502.78,4495.31,4496.08,2970
2026.01.09,21:00,4496.18,4497.99,4492.72,4497.01,2583
2026.01.09,21:15,4497.00,4501.59,4496.59,4498.75,2175
2026.01.09,21:30,4498.78,4500.21,4495.90,4496.75,1890
2026.01.09,21:45,4496.76,4501.79,4496.75,4497.77,1874
2026.01.09,22:00,4497.89,4507.03,4497.85,4506.97,2426
2026.01.09,22:15,4507.02,4509.37,4503.23,4505.53,2960
2026.01.09,22:30,4505.54,4505.95,4502.47,4504.06,2241
2026.01.09,22:45,4504.03,4510.06,4503.74,4508.05,3207
2026.01.09,23:00,4508.09,4508.49,4504.91,4508.42,1027
2026.01.09,23:15,4508.41,4510.43,4507.35,4509.58,756
2026.01.09,23:30,4509.57,4511.06,4505.94,4509.96,981
2026.01.09,23:45,4509.91,4510.46,4508.14,4509.26,992
2026.01.12,01:00,4518.73,4530.35,4513.00,4529.71,2425
2026.01.12,01:15,4529.70,4538.42,4529.23,4537.43,2687
2026.01.12,01:30,4537.38,4544.94,4533.25,4542.38,2557
2026.01.12,01:45,4542.35,4543.89,4538.41,4539.55,1732
2026.01.12,02:00,4539.73,4554.25,4536.30,4553.15,2749
2026.01.12,02:15,4553.02,4565.90,4551.08,4564.82,3202
2026.01.12,02:30,4564.83,4593.90,4562.33,4591.32,4840
2026.01.12,02:45,4591.10,4601.12,4588.28,4588.74,4971
2026.01.12,03:00,4588.92,4594.85,4577.70,4581.70,6355
2026.01.12,03:15,4582.20,4584.05,4573.85,4583.47,5667
2026.01.12,03:30,4583.52,4584.15,4571.68,4573.48,5508
2026.01.12,03:45,4573.49,4578.96,4569.39,4569.39,4332
2026.01.12,04:00,4569.35,4574.89,4561.73,4566.85,5207
2026.01.12,04:15,4566.83,4570.13,4564.39,4565.77,2881
2026.01.12,04:30,4565.27,4579.10,4562.46,4578.67,4490
2026.01.12,04:45,4578.59,4582.05,4573.44,4577.89,3506
2026.01.12,05:00,4577.94,4580.40,4575.06,4578.44,2474
2026.01.12,05:15,4578.49,4581.11,4576.30,4581.10,2925
2026.01.12,05:30,4581.28,4581.30,4572.50,4572.76,2436
2026.01.12,05:45,4572.70,4574.48,4567.77,4570.59,2044
2026.01.12,06:00,4570.64,4571.18,4565.58,4568.62,2022
2026.01.12,06:15,4568.71,4572.08,4567.37,4568.62,2057
2026.01.12,06:30,4568.57,4569.76,4563.25,4567.91,2667
2026.01.12,06:45,4567.94,4570.03,4566.03,4568.38,1493
2026.01.12,07:00,4568.41,4571.93,4566.08,4569.89,2080
2026.01.12,07:15,4569.91,4573.82,4569.59,4571.43,1572
2026.01.12,07:30,4569.85,4582.91,4569.85,4581.75,3657
2026.01.12,07:45,4581.76,4584.90,4578.74,4580.60,3742
2026.01.12,08:00,4580.58,4580.65,4571.43,4572.70,3552
2026.01.12,08:15,4572.71,4575.76,4569.60,4573.64,2821
2026.01.12,08:30,4573.70,4576.27,4571.91,4574.36,2870
2026.01.12,08:45,4574.34,4579.80,4573.90,4578.35,2805
2026.01.12,09:00,4578.66,4583.86,4574.62,4583.22,2957
2026.01.12,09:15,4583.59,4587.66,4578.82,4581.72,3258
2026.01.12,09:30,4581.67,4585.31,4578.72,4583.70,2780
2026.01.12,09:45,4583.77,4589.48,4583.16,4587.43,2102
2026.01.12,10:00,4587.74,4589.42,4582.00,4583.28,2621
2026.01.12,10:15,4583.30,4584.38,4579.39,4583.36,2867
2026.01.12,10:30,4583.37,4589.44,4581.84,4585.35,2466
2026.01.12,10:45,4585.40,4598.26,4585.16,4596.99,3010
2026.01.12,11:00,4597.06,4597.64,4593.23,4596.95,2772
2026.01.12,11:15,4596.87,4599.20,4594.06,4596.65,2230
2026.01.12,11:30,4596.67,4596.99,4593.51,4595.37,1827
2026.01.12,11:45,4595.49,4595.54,4587.66,4589.04,2398
2026.01.12,12:00,4589.10,4593.36,4585.85,4592.07,1972
2026.01.12,12:15,4591.92,4593.95,4588.81,4592.55,1297
2026.01.12,12:30,4592.52,4594.56,4586.51,4589.74,2591
2026.01.12,12:45,4589.73,4595.32,4589.50,4593.86,1922
2026.01.12,13:00,4593.87,4594.84,4590.49,4590.85,1267
2026.01.12,13:15,4590.84,4593.96,4583.79,4585.14,2434
2026.01.12,13:30,4585.48,4591.90,4584.33,4591.88,2190
2026.01.12,13:45,4591.82,4591.91,4581.72,4584.30,2265
2026.01.12,14:00,4584.26,4586.68,4579.64,4582.01,2855
2026.01.12,14:15,4581.94,4582.95,4578.46,4582.91,2357
2026.01.12,14:30,4582.92,4586.69,4582.18,4586.14,2143
2026.01.12,14:45,4586.13,4590.49,4585.22,4590.37,2795
2026.01.12,15:00,4590.23,4609.31,4588.58,4606.96,5616
2026.01.12,15:15,4606.98,4611.00,4604.32,4606.67,4788
2026.01.12,15:30,4606.79,4613.19,4605.84,4609.08,3706
2026.01.12,15:45,4609.13,4620.17,4607.86,4615.90,3773
2026.01.12,16:00,4615.91,4617.13,4592.55,4595.94,6117
2026.01.12,16:15,4595.95,4599.45,4585.00,4586.65,5761
2026.01.12,16:30,4586.70,4611.32,4585.49,4604.16,6873
2026.01.12,16:45,4604.12,4608.05,4597.36,4601.99,6321
2026.01.12,17:00,4602.71,4619.16,4602.06,4617.42,5778
2026.01.12,17:15,4617.44,4622.12,4610.32,4620.40,5159
2026.01.12,17:30,4620.50,4627.41,4618.44,4623.43,4585
2026.01.12,17:45,4623.44,4624.78,4618.00,4621.64,4010
2026.01.12,18:00,4621.62,4629.61,4617.44,4629.11,3635
2026.01.12,18:15,4628.90,4630.05,4619.70,4620.04,3779
2026.01.12,18:30,4619.97,4623.13,4607.84,4612.25,4154
2026.01.12,18:45,4612.20,4618.21,4611.91,4616.81,3201
2026.01.12,19:00,4616.82,4618.34,4613.54,4615.35,2776
2026.01.12,19:15,4615.55,4618.33,4612.04,4616.25,2827
2026.01.12,19:30,4616.29,4616.82,4610.60,4613.17,3207
2026.01.12,19:45,4613.18,4620.45,4613.15,4615.80,3165
2026.01.12,20:00,4615.78,4618.44,4606.93,4606.93,3124
2026.01.12,20:15,4606.86,4608.38,4600.38,4605.62,4471
2026.01.12,20:30,4605.67,4610.77,4603.04,4605.72,2815
2026.01.12,20:45,4605.68,4611.09,4603.59,4611.04,2102
2026.01.12,21:00,4611.14,4614.68,4608.66,4613.89,2173
2026.01.12,21:15,4613.90,4617.17,4612.66,4616.85,2866
2026.01.12,21:30,4616.84,4618.82,4614.05,4616.26,2468
2026.01.12,21:45,4616.22,4616.79,4609.17,4611.07,2651
2026.01.12,22:00,4611.04,4611.59,4599.94,4602.73,3562
2026.01.12,22:15,4602.75,4604.24,4599.66,4602.46,3651
2026.01.12,22:30,4602.45,4604.67,4592.38,4592.83,2985
2026.01.12,22:45,4592.86,4599.15,4591.40,4593.90,3901
2026.01.12,23:00,4593.85,4596.81,4591.17,4592.65,1809
2026.01.12,23:15,4592.60,4594.15,4591.00,4593.82,1215
2026.01.12,23:30,4593.72,4595.04,4589.96,4590.45,882
2026.01.12,23:45,4590.35,4597.51,4589.17,4597.21,1412
2026.01.13,01:00,4599.70,4608.15,4577.84,4578.40,2394
2026.01.13,01:15,4578.55,4588.67,4578.32,4584.43,2871
2026.01.13,01:30,4585.13,4590.02,4584.10,4586.43,2277
2026.01.13,01:45,4586.42,4599.40,4586.05,4599.36,2153
2026.01.13,02:00,4599.30,4599.30,4592.13,4592.92,2134
2026.01.13,02:15,4592.87,4595.86,4588.14,4588.17,1229
2026.01.13,02:30,4588.18,4590.69,4584.49,4586.21,2024
2026.01.13,02:45,4586.22,4591.98,4586.21,4586.34,2023
2026.01.13,03:00,4585.90,4595.57,4581.55,4592.26,5170
2026.01.13,03:15,4592.30,4595.49,4581.57,4581.66,3069
2026.01.13,03:30,4581.90,4587.03,4575.64,4583.09,4555
2026.01.13,03:45,4583.05,4585.92,4577.50,4577.50,4276
2026.01.13,04:00,4577.19,4590.48,4576.62,4586.39,4019
2026.01.13,04:15,4586.43,4587.23,4582.98,4582.98,2784
2026.01.13,04:30,4583.03,4590.14,4581.87,4589.30,3911
2026.01.13,04:45,4589.44,4594.99,4589.00,4594.04,2706
2026.01.13,05:00,4594.10,4599.58,4592.72,4597.69,2418
2026.01.13,05:15,4597.71,4598.66,4594.71,4595.45,2173
2026.01.13,05:30,4595.73,4597.94,4593.43,4593.73,1463
2026.01.13,05:45,4593.70,4595.24,4592.44,4594.06,1300
2026.01.13,06:00,4594.01,4597.93,4593.89,4597.57,1204
2026.01.13,06:15,4597.62,4599.50,4596.45,4597.31,1301
2026.01.13,06:30,4597.19,4599.76,4594.55,4598.77,1002
2026.01.13,06:45,4598.72,4599.31,4596.05,4596.13,939
2026.01.13,07:00,4596.18,4598.32,4591.75,4594.33,1430
2026.01.13,07:15,4594.28,4601.45,4594.19,4601.39,1162
2026.01.13,07:30,4601.38,4602.10,4585.62,4594.10,4107
2026.01.13,07:45,4593.95,4596.10,4591.10,4591.83,3572
2026.01.13,08:00,4591.41,4592.27,4587.98,4590.29,3258
2026.01.13,08:15,4589.97,4590.70,4582.31,4584.84,2801
2026.01.13,08:30,4584.79,4585.90,4573.61,4575.49,4043
2026.01.13,08:45,4575.40,4583.33,4575.32,4583.10,3364
2026.01.13,09:00,4583.20,4585.26,4578.98,4584.66,1661
2026.01.13,09:15,4584.59,4584.87,4578.84,4583.92,1984
2026.01.13,09:30,4583.79,4586.97,4579.51,4580.22,2270
2026.01.13,09:45,4580.20,4582.34,4577.35,4580.56,2184
2026.01.13,10:00,4580.18,4591.62,4579.58,4587.47,2459
2026.01.13,10:15,4587.40,4592.45,4584.85,4589.91,2430
2026.01.13,10:30,4589.94,4596.87,4589.06,4593.47,2564
2026.01.13,10:45,4593.63,4595.30,4591.74,4592.64,2000
2026.01.13,11:00,4592.44,4595.57,4589.57,4593.94,1899
2026.01.13,11:15,4593.86,4594.91,4587.94,4589.11,1668
2026.01.13,11:30,4589.09,4591.99,4586.64,4590.55,1862
2026.01.13,11:45,4590.33,4590.88,4585.64,4586.02,1741
2026.01.13,12:00,4586.00,4586.86,4580.36,4583.47,1834
2026.01.13,12:15,4583.48,4586.20,4580.88,4584.66,1906
2026.01.13,12:30,4584.46,4588.28,4581.73,4587.10,1673
2026.01.13,12:45,4587.15,4587.15,4584.74,4586.26,1539
2026.01.13,13:00,4586.25,4588.80,4584.79,4584.81,1429
2026.01.13,13:15,4584.80,4589.00,4582.09,4586.79,2371
2026.01.13,13:30,4586.63,4589.75,4585.03,4589.75,1341
2026.01.13,13:45,4589.74,4591.97,4586.16,4588.50,1887
2026.01.13,14:00,4588.44,4589.04,4583.17,4583.51,1879
2026.01.13,14:15,4583.56,4584.59,4577.85,4580.44,1957
2026.01.13,14:30,4580.39,4586.12,4579.33,4585.46,1651
2026.01.13,14:45,4585.45,4595.15,4585.40,4594.27,2158
2026.01.13,15:00,4594.16,4606.26,4590.65,4602.85,4865
2026.01.13,15:15,4602.88,4606.34,4599.51,4601.13,4219
2026.01.13,15:30,4601.11,4620.26,4601.08,4617.81,6038
2026.01.13,15:45,4617.76,4620.97,4607.05,4611.33,4739
2026.01.13,16:00,4611.31,4618.93,4609.00,4618.58,4284
2026.01.13,16:15,4618.55,4623.53,4614.34,4618.26,4086
2026.01.13,16:30,4618.34,4625.88,4611.53,4625.41,6189
2026.01.13,16:45,4625.37,4634.54,4622.84,4630.11,6138
2026.01.13,17:00,4630.15,4630.19,4613.92,4621.26,5942
2026.01.13,17:15,4621.29,4623.26,4600.79,4608.71,6255
2026.01.13,17:30,4607.58,4616.19,4605.05,4614.37,5238
2026.01.13,17:45,4614.33,4620.60,4612.84,4619.09,4269
2026.01.13,18:00,4619.00,4620.66,4606.61,4611.88,4546
2026.01.13,18:15,4611.92,4612.78,4592.92,4598.54,4831
2026.01.13,18:30,4598.51,4609.32,4596.67,4608.75,4283
2026.01.13,18:45,4608.67,4613.83,4607.32,4613.34,3477
2026.01.13,19:00,4613.27,4615.91,4606.42,4608.28,3229
2026.01.13,19:15,4608.29,4612.49,4606.27,4609.25,2851
2026.01.13,19:30,4609.32,4611.89,4602.91,4604.63,3799
2026.01.13,19:45,4604.69,4606.98,4586.60,4590.24,4857
2026.01.13,20:00,4590.20,4594.35,4586.41,4594.30,5257
2026.01.13,20:15,4594.19,4594.94,4581.10,4591.73,5240
2026.01.13,20:30,4591.65,4600.64,4589.76,4600.33,4175
2026.01.13,20:45,4600.55,4601.90,4593.96,4593.96,3892
2026.01.13,21:00,4593.97,4595.68,4584.16,4595.61,4177
2026.01.13,21:15,4595.63,4597.11,4584.76,4593.25,3160
2026.01.13,21:30,4593.18,4598.66,4592.46,4595.92,3089
2026.01.13,21:45,4595.95,4598.95,4590.58,4597.43,2863
2026.01.13,22:00,4597.61,4597.72,4590.26,4592.98,2681
2026.01.13,22:15,4592.97,4595.17,4587.76,4588.99,2962
2026.01.13,22:30,4588.96,4589.12,4569.43,4585.11,4521
2026.01.13,22:45,4584.90,4589.19,4582.38,4586.59,3858
2026.01.13,23:00,4586.46,4589.15,4583.32,4583.55,1489
2026.01.13,23:15,4583.57,4589.31,4582.79,4587.73,1487
2026.01.13,23:30,4587.53,4589.45,4585.53,4589.39,1258
2026.01.13,23:45,4589.44,4589.65,4585.52,4586.07,917
2026.01.14,01:00,4588.69,4595.80,4588.13,4595.78,1570
2026.01.14,01:15,4595.80,4597.71,4592.89,4596.96,1267
2026.01.14,01:30,4596.94,4597.03,4593.10,4594.27,1552
2026.01.14,01:45,4594.29,4598.64,4593.65,4597.35,1059
2026.01.14,02:00,4597.34,4607.67,4597.33,4605.11,1990
2026.01.14,02:15,4605.06,4610.27,4602.90,4609.96,1678
2026.01.14,02:30,4610.10,4610.57,4606.95,4608.55,2154
2026.01.14,02:45,4608.57,4610.48,4604.62,4609.66,3226
2026.01.14,03:00,4609.74,4616.96,4606.13,4615.60,4979
2026.01.14,03:15,4615.72,4618.29,4611.82,4614.58,2627
2026.01.14,03:30,4614.53,4618.69,4613.55,4614.58,2961
2026.01.14,03:45,4614.67,4619.86,4613.45,4619.10,3611
2026.01.14,04:00,4619.15,4620.62,4614.16,4618.28,3022
2026.01.14,04:15,4618.18,4621.31,4616.51,4620.00,1911
2026.01.14,04:30,4620.11,4622.57,4618.01,4621.26,3089
2026.01.14,04:45,4621.21,4623.60,4618.14,4620.13,2783
2026.01.14,05:00,4620.18,4622.74,4617.51,4618.05,3011
2026.01.14,05:15,4618.11,4621.55,4613.28,4614.94,3057
2026.01.14,05:30,4614.93,4625.59,4614.85,4623.69,1805
2026.01.14,05:45,4623.71,4629.89,4623.20,4628.08,2738
2026.01.14,06:00,4628.07,4630.06,4626.65,4627.28,2374
2026.01.14,06:15,4627.32,4629.94,4625.19,4626.39,2098
2026.01.14,06:30,4626.29,4629.77,4625.33,4627.96,1274
2026.01.14,06:45,4627.86,4630.31,4626.84,4629.34,1762
2026.01.14,07:00,4629.42,4639.52,4629.37,4633.91,2655
2026.01.14,07:15,4633.74,4635.32,4630.95,4633.76,2486
2026.01.14,07:30,4633.08,4639.50,4631.80,4636.10,4126
2026.01.14,07:45,4636.04,4639.38,4618.03,4619.23,4414
2026.01.14,08:00,4619.48,4635.02,4618.43,4633.39,4774
2026.01.14,08:15,4633.46,4635.16,4630.75,4632.57,3780
2026.01.14,08:30,4632.30,4633.13,4625.92,4631.42,3944
2026.01.14,08:45,4631.49,4638.29,4630.51,4638.21,3240
2026.01.14,09:00,4637.97,4638.29,4631.47,4632.76,2515
2026.01.14,09:15,4632.81,4639.49,4632.02,4637.10,2467
2026.01.14,09:30,4636.87,4638.29,4633.92,4636.54,1656
2026.01.14,09:45,4636.59,4637.57,4632.33,4632.40,1738
2026.01.14,10:00,4632.39,4634.09,4623.43,4627.35,3216
2026.01.14,10:15,4627.08,4628.61,4621.86,4624.90,3286
2026.01.14,10:30,4624.62,4632.51,4624.38,4631.97,2570
2026.01.14,10:45,4632.00,4637.82,4631.51,4634.46,2752
2026.01.14,11:00,4634.55,4639.10,4633.16,4638.42,2492
2026.01.14,11:15,4638.37,4639.39,4636.29,4637.35,2420
2026.01.14,11:30,4637.37,4637.58,4627.21,4627.59,2396
2026.01.14,11:45,4627.53,4631.75,4627.01,4630.43,2331
2026.01.14,12:00,4630.42,4632.33,4627.68,4631.92,2284
2026.01.14,12:15,4631.93,4636.86,4631.93,4634.58,2473
2026.01.14,12:30,4634.55,4638.09,4632.25,4635.88,2597
2026.01.14,12:45,4635.90,4636.46,4631.14,4632.79,2858
2026.01.14,13:00,4632.64,4636.46,4630.23,4635.36,2686
2026.01.14,13:15,4635.37,4637.37,4629.13,4630.16,2825
2026.01.14,13:30,4630.21,4632.69,4627.38,4630.71,2612
2026.01.14,13:45,4630.69,4631.48,4626.05,4630.21,2564
2026.01.14,14:00,4630.09,4638.34,4630.09,4635.51,3992
2026.01.14,14:15,4635.54,4638.82,4633.90,4636.01,2730
2026.01.14,14:30,4635.92,4638.11,4633.96,4634.48,3218
2026.01.14,14:45,4634.10,4641.75,4633.66,4638.79,2845
2026.01.14,15:00,4638.82,4641.53,4627.17,4628.01,5795
2026.01.14,15:15,4628.02,4635.16,4627.36,4629.76,4904
2026.01.14,15:30,4629.84,4637.16,4624.13,4636.63,5532
2026.01.14,15:45,4636.70,4636.74,4629.30,4635.62,4226
2026.01.14,16:00,4635.46,4638.77,4629.62,4634.21,4612
2026.01.14,16:15,4634.29,4637.94,4631.01,4635.25,4369
2026.01.14,16:30,4635.28,4635.28,4614.07,4618.88,6869
2026.01.14,16:45,4618.75,4620.53,4606.74,4617.50,6552
2026.01.14,17:00,4617.13,4617.13,4599.36,4615.45,6985
2026.01.14,17:15,4615.46,4626.46,4614.25,4615.20,5995
2026.01.14,17:30,4615.29,4621.77,4609.94,4612.08,5825
2026.01.14,17:45,4612.04,4619.25,4610.42,4618.66,5221
2026.01.14,18:00,4618.67,4621.39,4615.00,4617.75,4693
2026.01.14,18:15,4617.72,4624.72,4616.39,4621.62,4855
2026.01.14,18:30,4621.68,4623.04,4613.79,4615.28,5376
2026.01.14,18:45,4614.91,4617.39,4608.54,4617.03,5607
2026.01.14,19:00,4617.24,4618.96,4609.82,4615.64,4822
2026.01.14,19:15,4615.65,4615.65,4605.65,4611.25,5130
2026.01.14,19:30,4611.26,4611.94,4601.05,4604.26,5733
2026.01.14,19:45,4604.36,4616.51,4603.93,4613.66,5291
2026.01.14,20:00,4613.59,4623.55,4612.73,4623.55,4411
2026.01.14,20:15,4623.51,4630.01,4622.48,4628.19,4857
2026.01.14,20:30,4628.18,4633.49,4627.97,4631.39,3930
2026.01.14,20:45,4631.33,4637.12,4630.02,4635.95,3969
2026.01.14,21:00,4636.08,4642.86,4633.37,4637.09,4676
2026.01.14,21:15,4637.07,4639.89,4634.21,4635.29,4244
2026.01.14,21:30,4635.30,4640.39,4634.57,4639.71,4113
2026.01.14,21:45,4639.75,4641.37,4635.71,4639.01,3577
2026.01.14,22:00,4639.04,4641.54,4626.06,4636.20,5459
2026.01.14,22:15,4636.18,4637.87,4630.90,4634.20,4420
2026.01.14,22:30,4634.16,4635.42,4625.44,4625.44,4412
2026.01.14,22:45,4625.72,4632.95,4625.72,4632.51,4559
2026.01.14,23:00,4632.55,4632.96,4624.16,4624.53,2127
2026.01.14,23:15,4624.54,4626.74,4620.84,4622.22,2803
2026.01.14,23:30,4622.17,4623.17,4617.73,4621.04,1880
2026.01.14,23:45,4621.05,4628.90,4619.77,4626.80,2132
2026.01.15,01:00,4630.40,4632.26,4612.19,4616.02,3224
2026.01.15,01:15,4616.24,4618.64,4605.34,4609.07,3393
2026.01.15,01:30,4609.05,4612.93,4602.63,4606.37,3247
2026.01.15,01:45,4607.39,4616.03,4607.39,4615.18,3181
2026.01.15,02:00,4615.10,4617.79,4611.58,4616.55,2739
2026.01.15,02:15,4616.53,4618.12,4613.91,4616.66,2247
2026.01.15,02:30,4616.64,4617.96,4613.24,4613.63,2153
2026.01.15,02:45,4613.66,4617.46,4610.07,4614.66,3375
2026.01.15,03:00,4614.72,4617.62,4606.65,4608.91,5225
2026.01.15,03:15,4608.89,4610.03,4597.00,4600.41,5478
2026.01.15,03:30,4600.34,4602.92,4583.74,4602.89,6479
2026.01.15,03:45,4602.93,4606.98,4597.19,4599.62,5236
2026.01.15,04:00,4599.55,4614.48,4597.53,4613.77,4944
2026.01.15,04:15,4613.76,4614.56,4607.28,4610.96,3976
2026.01.15,04:30,4610.98,4614.85,4604.23,4607.39,4896
2026.01.15,04:45,4607.26,4607.52,4595.46,4602.81,4761
2026.01.15,05:00,4602.87,4604.19,4589.54,4591.00,4783
2026.01.15,05:15,4591.02,4594.74,4581.24,4584.52,5401
2026.01.15,05:30,4584.51,4597.47,4581.11,4596.61,4595
2026.01.15,05:45,4596.44,4596.46,4589.28,4592.00,3796
2026.01.15,06:00,4592.04,4594.55,4586.98,4593.70,3436
2026.01.15,06:15,4593.69,4597.40,4590.66,4593.75,3244
2026.01.15,06:30,4593.79,4595.79,4589.19,4590.84,2662
2026.01.15,06:45,4590.83,4595.54,4589.79,4591.76,2692
2026.01.15,07:00,4591.74,4592.32,4587.33,4587.41,2536
2026.01.15,07:15,4587.40,4592.94,4580.98,4592.85,3221
2026.01.15,07:30,4593.14,4593.77,4581.36,4589.59,5010
2026.01.15,07:45,4589.45,4598.85,4587.40,4594.87,4643
2026.01.15,08:00,4594.82,4608.50,4593.56,4605.32,4625
2026.01.15,08:15,4605.36,4609.94,4603.70,4603.83,4518
2026.01.15,08:30,4603.79,4607.88,4600.30,4605.54,4422
2026.01.15,08:45,4605.46,4611.90,4603.46,4610.84,3747
2026.01.15,09:00,4610.80,4610.80,4605.79,4609.26,3058
2026.01.15,09:15,4609.24,4613.44,4608.51,4610.11,2802
2026.01.15,09:30,4610.12,4611.18,4601.58,4604.12,2771
2026.01.15,09:45,4604.15,4604.31,4599.15,4601.91,3092
2026.01.15,10:00,4601.92,4604.45,4597.77,4603.73,3691
2026.01.15,10:15,4603.72,4606.17,4600.22,4601.97,3058
2026.01.15,10:30,4602.32,4606.95,4599.09,4606.25,2984
2026.01.15,10:45,4606.42,4606.59,4601.06,4604.12,2578
2026.01.15,11:00,4604.10,4604.67,4600.57,4603.91,2509
2026.01.15,11:15,4604.17,4605.43,4601.79,4604.53,2739
2026.01.15,11:30,4604.52,4611.18,4602.75,4609.15,3248
2026.01.15,11:45,4609.18,4613.03,4607.92,4612.44,2916
2026.01.15,12:00,4612.41,4613.96,4609.25,4612.40,2691
2026.01.15,12:15,4612.38,4615.57,4611.20,4612.23,2376
2026.01.15,12:30,4612.24,4619.22,4610.54,4617.55,2634
2026.01.15,12:45,4617.57,4620.23,4617.00,4620.08,2368
2026.01.15,13:00,4620.11,4621.40,4618.50,4618.89,2181
2026.01.15,13:15,4618.87,4620.39,4617.18,4619.04,2077
2026.01.15,13:30,4619.06,4622.75,4617.58,4617.81,2231
2026.01.15,13:45,4617.83,4620.30,4615.44,4619.11,2918
2026.01.15,14:00,4619.54,4620.63,4614.53,4614.83,2441
2026.01.15,14:15,4614.85,4618.63,4613.94,4616.43,2593
2026.01.15,14:30,4616.44,4618.48,4615.32,4617.22,2406
2026.01.15,14:45,4617.20,4617.44,4611.58,4613.29,3068
2026.01.15,15:00,4613.17,4616.10,4609.58,4610.71,5792
2026.01.15,15:15,4610.70,4613.86,4602.41,4603.89,5535
2026.01.15,15:30,4603.80,4605.25,4588.15,4589.65,6276
2026.01.15,15:45,4589.51,4594.41,4582.26,4588.86,5255
2026.01.15,16:00,4588.93,4599.88,4583.36,4599.68,5370
2026.01.15,16:15,4599.86,4606.57,4596.32,4602.58,3805
2026.01.15,16:30,4602.52,4611.81,4601.42,4602.77,6315
2026.01.15,16:45,4602.88,4615.04,4600.29,4611.11,6300
2026.01.15,17:00,4610.76,4615.06,4603.72,4613.18,5536
2026.01.15,17:15,4613.32,4618.02,4612.17,4616.46,4865
2026.01.15,17:30,4616.48,4617.48,4609.29,4611.50,4602
2026.01.15,17:45,4611.48,4616.98,4609.83,4616.10,4057
2026.01.15,18:00,4616.07,4624.09,4608.57,4622.08,4486
2026.01.15,18:15,4622.24,4624.61,4611.41,4611.56,4754
2026.01.15,18:30,4611.54,4613.47,4604.46,4606.93,4614
2026.01.15,18:45,4606.81,4607.02,4601.20,4605.58,4003
2026.01.15,19:00,4605.77,4611.08,4605.66,4609.57,3070
2026.01.15,19:15,4609.53,4613.59,4607.67,4610.73,3085
2026.01.15,19:30,4610.71,4616.47,4610.17,4614.37,2951
2026.01.15,19:45,4614.39,4616.77,4613.59,4616.45,3151
2026.01.15,20:00,4616.54,4620.43,4616.27,4617.76,3342
2026.01.15,20:15,4617.75,4621.04,4617.20,4618.11,3340
2026.01.15,20:30,4618.17,4618.54,4613.37,4615.49,2937
2026.01.15,20:45,4615.41,4619.63,4615.34,4617.63,2358
2026.01.15,21:00,4617.62,4621.34,4617.34,4618.91,2758
2026.01.15,21:15,4618.90,4620.48,4617.44,4618.18,2151
2026.01.15,21:30,4618.17,4618.97,4615.01,4616.74,2363
2026.01.15,21:45,4616.76,4617.12,4612.72,4616.19,2161
2026.01.15,22:00,4616.18,4616.19,4603.96,4605.55,3155
2026.01.15,22:15,4605.33,4608.59,4600.61,4604.81,4118
2026.01.15,22:30,4604.82,4609.26,4603.61,4607.94,3010
2026.01.15,22:45,4607.87,4608.95,4603.30,4605.64,3372
2026.01.15,23:00,4605.63,4612.04,4604.35,4612.01,1944
2026.01.15,23:15,4611.96,4615.50,4611.16,4614.22,1107
2026.01.15,23:30,4614.27,4615.57,4613.53,4615.57,661
2026.01.15,23:45,4615.69,4616.35,4613.51,4615.95,1082
2026.01.16,01:00,4617.74,4620.53,4613.45,4613.96,1209
2026.01.16,01:15,4613.98,4614.92,4608.75,4608.92,1914
2026.01.16,01:30,4609.13,4611.05,4606.93,4608.12,1846
2026.01.16,01:45,4608.07,4610.76,4606.17,4610.13,1656
2026.01.16,02:00,4610.12,4610.25,4603.29,4605.69,1510
2026.01.16,02:15,4605.74,4611.33,4605.32,4607.71,1408
2026.01.16,02:30,4607.75,4608.03,4601.01,4601.40,1898
2026.01.16,02:45,4601.33,4602.04,4598.54,4599.26,2825
2026.01.16,03:00,4598.69,4605.05,4593.87,4603.85,4100
2026.01.16,03:15,4603.84,4607.23,4599.81,4605.57,3103
2026.01.16,03:30,4605.53,4608.44,4601.23,4605.14,3083
2026.01.16,03:45,4605.07,4605.37,4599.06,4600.12,2818
2026.01.16,04:00,4600.24,4603.62,4597.39,4597.90,3402
2026.01.16,04:15,4597.93,4604.31,4596.92,4599.94,2765
2026.01.16,04:30,4599.92,4600.92,4591.24,4595.91,4094
2026.01.16,04:45,4595.88,4598.51,4591.75,4594.87,3211
2026.01.16,05:00,4594.89,4599.21,4594.42,4598.57,2860
2026.01.16,05:15,4598.65,4599.79,4595.23,4595.37,2440
2026.01.16,05:30,4595.39,4597.27,4592.70,4596.22,1817
2026.01.16,05:45,4596.20,4597.37,4595.07,4596.14,1660
2026.01.16,06:00,4596.01,4599.59,4595.99,4598.49,1430
2026.01.16,06:15,4598.46,4601.30,4598.17,4598.51,1366
2026.01.16,06:30,4598.49,4600.84,4597.21,4599.86,1250
2026.01.16,06:45,4599.90,4601.95,4598.88,4601.17,1220
2026.01.16,07:00,4601.14,4601.34,4595.22,4596.53,1397
2026.01.16,07:15,4596.60,4601.49,4595.42,4601.21,1562
2026.01.16,07:30,4601.10,4606.93,4596.33,4606.85,2931
2026.01.16,07:45,4606.86,4615.88,4606.67,4611.45,2814
2026.01.16,08:00,4611.36,4612.21,4603.95,4604.70,3045
2026.01.16,08:15,4604.74,4609.11,4603.58,4604.48,3028
2026.01.16,08:30,4604.23,4608.04,4595.56,4595.56,2688
2026.01.16,08:45,4595.50,4599.20,4593.98,4598.07,3118
2026.01.16,09:00,4598.27,4612.01,4596.81,4609.96,2448
2026.01.16,09:15,4609.82,4609.96,4604.81,4605.96,2014
2026.01.16,09:30,4606.01,4611.91,4601.01,4602.50,2424
2026.01.16,09:45,4602.46,4609.58,4601.66,4606.88,1822
2026.01.16,10:00,4606.56,4610.47,4604.91,4605.00,1937
2026.01.16,10:15,4604.96,4610.59,4604.62,4607.30,1889
2026.01.16,10:30,4607.17,4608.90,4601.97,4602.08,1894
2026.01.16,10:45,4602.03,4607.31,4601.22,4603.14,1841
2026.01.16,11:00,4602.79,4608.36,4602.15,4604.81,1903
2026.01.16,11:15,4604.87,4604.97,4599.66,4601.09,1756
2026.01.16,11:30,4601.07,4603.54,4598.75,4603.37,1272
2026.01.16,11:45,4603.35,4603.44,4600.25,4600.46,1479
2026.01.16,12:00,4600.42,4607.82,4600.42,4606.82,1740
2026.01.16,12:15,4606.84,4611.02,4606.84,4607.52,1565
2026.01.16,12:30,4607.53,4609.24,4606.73,4607.34,1374
2026.01.16,12:45,4607.37,4608.55,4599.68,4600.12,1877
2026.01.16,13:00,4600.16,4606.61,4598.47,4606.29,2265
2026.01.16,13:15,4606.42,4611.45,4605.40,4611.08,1762
2026.01.16,13:30,4611.03,4615.87,4609.56,4615.44,1848
2026.01.16,13:45,4615.39,4616.19,4612.28,4612.38,1601
2026.01.16,14:00,4612.48,4612.58,4609.21,4610.84,1967
2026.01.16,14:15,4610.94,4612.88,4604.64,4606.45,1895
2026.01.16,14:30,4606.51,4606.70,4602.16,4603.38,2028
2026.01.16,14:45,4603.34,4605.29,4597.36,4601.26,2521
2026.01.16,15:00,4601.30,4605.49,4594.46,4596.43,4241
2026.01.16,15:15,4596.53,4597.65,4582.46,4586.36,4681
2026.01.16,15:30,4586.56,4601.38,4585.12,4599.36,4176
2026.01.16,15:45,4599.38,4602.92,4597.00,4601.46,3606
2026.01.16,16:00,4601.73,4608.68,4598.29,4607.51,3823
2026.01.16,16:15,4607.61,4609.29,4598.34,4599.05,3535
2026.01.16,16:30,4599.06,4611.63,4596.12,4608.73,4861
2026.01.16,16:45,4608.71,4614.60,4607.21,4607.55,4916
2026.01.16,17:00,4607.86,4620.29,4607.62,4616.05,4573
2026.01.16,17:15,4616.04,4617.49,4564.64,4564.67,6163
2026.01.16,17:30,4564.83,4570.23,4536.39,4555.69,6726
2026.01.16,17:45,4555.74,4575.32,4555.66,4569.77,5423
2026.01.16,18:00,4569.42,4594.32,4567.85,4593.85,5211
2026.01.16,18:15,4593.83,4596.26,4584.34,4592.98,5150
2026.01.16,18:30,4593.22,4598.88,4588.11,4595.24,4386
2026.01.16,18:45,4595.26,4597.27,4581.84,4591.27,4405
2026.01.16,19:00,4590.88,4593.00,4585.04,4590.66,3798
2026.01.16,19:15,4590.69,4590.81,4576.67,4578.47,3769
2026.01.16,19:30,4578.73,4586.60,4576.92,4580.62,3314
2026.01.16,19:45,4580.56,4583.44,4578.72,4581.19,3361
2026.01.16,20:00,4580.82,4588.83,4579.91,4584.29,3474
2026.01.16,20:15,4583.87,4591.61,4581.70,4590.66,3239
2026.01.16,20:30,4590.78,4596.07,4588.43,4595.36,2977
2026.01.16,20:45,4595.45,4595.84,4581.92,4582.11,2975
2026.01.16,21:00,4582.22,4588.17,4580.81,4583.84,2876
2026.01.16,21:15,4583.87,4586.19,4580.82,4583.86,2847
2026.01.16,21:30,4583.97,4591.69,4583.91,4589.76,2665
2026.01.16,21:45,4589.79,4592.40,4588.45,4590.65,2577
2026.01.16,22:00,4590.61,4595.82,4588.85,4592.94,2364
2026.01.16,22:15,4592.93,4593.09,4587.52,4588.22,2039
2026.01.16,22:30,4588.21,4588.21,4580.64,4584.09,3119
2026.01.16,22:45,4584.09,4588.99,4581.38,4581.79,3410
2026.01.16,23:00,4582.10,4586.57,4582.08,4586.50,1267
2026.01.16,23:15,4586.51,4598.16,4586.10,4592.40,1746
2026.01.16,23:30,4592.23,4595.61,4591.62,4594.24,1162
2026.01.16,23:45,4594.05,4596.76,4594.03,4596.09,930
2026.01.19,01:00,4627.25,4662.42,4620.16,4654.14,4364
2026.01.19,01:15,4653.91,4684.32,4653.75,4679.25,4377
2026.01.19,01:30,4679.47,4690.63,4663.92,4671.59,4191
2026.01.19,01:45,4671.61,4677.47,4663.93,4674.17,2933
2026.01.19,02:00,4673.98,4675.82,4665.05,4665.38,2837
2026.01.19,02:15,4665.44,4678.40,4661.11,4675.89,2744
2026.01.19,02:30,4675.71,4681.98,4673.42,4677.75,2655
2026.01.19,02:45,4678.02,4678.98,4671.87,4675.34,1945
2026.01.19,03:00,4675.51,4678.33,4661.87,4662.97,4125
2026.01.19,03:15,4662.68,4669.75,4656.56,4662.59,3830
2026.01.19,03:30,4663.09,4664.44,4656.04,4662.85,3113
2026.01.19,03:45,4662.68,4667.57,4657.06,4657.06,3040
2026.01.19,04:00,4657.12,4665.01,4652.97,4659.02,2932
2026.01.19,04:15,4659.04,4662.28,4656.76,4660.56,1767
2026.01.19,04:30,4660.47,4663.74,4656.49,4658.37,2544
2026.01.19,04:45,4658.40,4664.33,4654.96,4662.42,2652
2026.01.19,05:00,4662.36,4669.60,4662.36,4668.83,2555
2026.01.19,05:15,4668.79,4669.80,4663.84,4664.81,2261
2026.01.19,05:30,4664.75,4665.90,4661.83,4662.90,1717
2026.01.19,05:45,4662.94,4663.51,4658.15,4658.39,1763
2026.01.19,06:00,4658.40,4662.20,4658.12,4662.20,1511
2026.01.19,06:15,4662.06,4664.79,4660.50,4662.36,1389
2026.01.19,06:30,4662.37,4662.99,4659.12,4661.20,1148
2026.01.19,06:45,4661.17,4665.84,4660.98,4663.11,1394
2026.01.19,07:00,4663.09,4671.13,4662.83,4669.42,1500
2026.01.19,07:15,4669.39,4672.16,4668.61,4669.50,1213
2026.01.19,07:30,4669.70,4674.14,4663.65,4664.19,2370
2026.01.19,07:45,4664.25,4671.91,4664.08,4669.94,2020
2026.01.19,08:00,4669.88,4670.52,4666.64,4669.23,1967
2026.01.19,08:15,4669.18,4672.56,4668.42,4669.78,1712
2026.01.19,08:30,4669.80,4676.34,4669.61,4672.33,2086
2026.01.19,08:45,4672.37,4678.93,4672.28,4677.84,2308
2026.01.19,09:00,4678.05,4678.51,4668.16,4669.65,2463
2026.01.19,09:15,4669.73,4670.06,4663.62,4667.46,2176
2026.01.19,09:30,4667.51,4669.68,4664.68,4664.78,1547
2026.01.19,09:45,4664.78,4666.25,4661.81,4664.19,1727
2026.01.19,10:00,4663.74,4673.85,4663.74,4669.40,2132
2026.01.19,10:15,4669.42,4671.06,4667.24,4669.31,1527
2026.01.19,10:30,4669.33,4670.92,4666.62,4667.70,1410
2026.01.19,10:45,4667.73,4669.08,4661.57,4663.52,2132
2026.01.19,11:00,4663.26,4671.43,4662.00,4670.72,1776
2026.01.19,11:15,4670.74,4672.67,4666.01,4666.45,1951
2026.01.19,11:30,4666.51,4670.37,4664.87,4669.51,1659
2026.01.19,11:45,4669.54,4669.81,4667.07,4667.57,1267
2026.01.19,12:00,4667.56,4670.45,4666.70,4670.42,1152
2026.01.19,12:15,4670.71,4671.12,4665.46,4665.61,1342
2026.01.19,12:30,4665.57,4666.93,4661.23,4661.66,1637
2026.01.19,12:45,4661.76,4666.86,4661.50,4663.89,1435
2026.01.19,13:00,4663.92,4666.76,4661.68,4664.26,1172
2026.01.19,13:15,4664.28,4667.07,4661.41,4666.54,1143
2026.01.19,13:30,4666.53,4667.48,4659.96,4664.75,1333
2026.01.19,13:45,4664.72,4665.94,4659.59,4660.60,2330
2026.01.19,14:00,4660.63,4666.15,4660.11,4665.70,1608
2026.01.19,14:15,4665.72,4671.96,4665.65,4670.77,1858
2026.01.19,14:30,4670.82,4673.60,4669.81,4671.54,1744
2026.01.19,14:45,4671.59,4672.78,4668.08,4671.76,1709
2026.01.19,15:00,4671.85,4673.59,4668.53,4670.19,2512
2026.01.19,15:15,4670.27,4671.95,4668.52,4671.68,1999
2026.01.19,15:30,4671.63,4673.64,4666.40,4668.20,2040
2026.01.19,15:45,4668.19,4669.36,4664.40,4666.34,1880
2026.01.19,16:00,4666.43,4666.78,4661.57,4664.96,2069
2026.01.19,16:15,4664.95,4668.49,4663.38,4668.34,1885
2026.01.19,16:30,4668.32,4670.23,4663.89,4667.11,2130
2026.01.19,16:45,4667.04,4668.83,4665.37,4666.40,1958
2026.01.19,17:00,4666.27,4670.87,4664.53,4668.01,2404
2026.01.19,17:15,4668.02,4668.82,4664.24,4666.58,1979
2026.01.19,17:30,4666.56,4671.14,4665.90,4670.18,1856
2026.01.19,17:45,4670.13,4676.01,4669.53,4674.17,2164
2026.01.19,18:00,4674.21,4675.50,4671.23,4672.25,1613
2026.01.19,18:15,4672.26,4672.81,4670.29,4671.68,1460
2026.01.19,18:30,4671.59,4673.70,4670.58,4673.05,1241
2026.01.19,18:45,4673.06,4673.64,4671.48,4672.05,1904
2026.01.19,19:00,4672.06,4672.96,4670.42,4670.87,1338
2026.01.19,19:15,4670.88,4671.44,4669.14,4671.12,1104
2026.01.19,19:30,4671.15,4676.21,4671.15,4676.18,1347
2026.01.19,19:45,4676.20,4678.70,4674.10,4676.18,1604
2026.01.19,20:00,4675.99,4676.01,4673.64,4675.45,1174
2026.01.19,20:15,4675.48,4680.32,4675.13,4678.44,1128
2026.01.19,20:30,4678.41,4678.63,4675.10,4677.68,890
2026.01.19,20:45,4677.70,4678.09,4675.31,4676.53,793
2026.01.19,21:00,4676.39,4676.76,4671.98,4671.98,1202
2026.01.19,21:15,4671.94,4672.46,4667.08,4670.22,1361
2026.01.19,21:30,4670.05,4670.64,4670.05,4670.61,6
2026.01.20,01:00,4671.98,4676.91,4666.23,4670.73,1892
2026.01.20,01:15,4670.71,4672.28,4664.86,4666.18,1003
2026.01.20,01:30,4666.36,4668.88,4664.22,4666.02,1052
2026.01.20,01:45,4666.00,4666.87,4664.81,4665.29,856
2026.01.20,02:00,4665.30,4667.88,4664.20,4667.87,1219
2026.01.20,02:15,4667.82,4667.91,4659.41,4659.62,1351
2026.01.20,02:30,4659.59,4666.29,4659.56,4663.04,1606
2026.01.20,02:45,4663.03,4664.09,4660.31,4660.63,1497
2026.01.20,03:00,4660.55,4673.37,4660.01,4669.81,3010
2026.01.20,03:15,4669.89,4672.19,4666.04,4670.92,2418
2026.01.20,03:30,4671.03,4675.93,4670.92,4672.94,2046
2026.01.20,03:45,4672.91,4674.73,4665.72,4669.52,2359
2026.01.20,04:00,4669.45,4671.89,4665.45,4665.83,2419
2026.01.20,04:15,4665.81,4673.47,4665.56,4671.95,1592
2026.01.20,04:30,4671.96,4674.75,4670.13,4673.97,2654
2026.01.20,04:45,4673.88,4674.09,4666.76,4668.62,2772
2026.01.20,05:00,4668.67,4671.59,4666.04,4671.59,2725
2026.01.20,05:15,4671.61,4674.12,4671.01,4673.02,2330
2026.01.20,05:30,4672.99,4678.81,4672.65,4676.76,1634
2026.01.20,05:45,4676.87,4681.40,4676.82,4680.27,1800
2026.01.20,06:00,4680.36,4682.41,4679.49,4680.31,1542
2026.01.20,06:15,4680.34,4687.08,4680.30,4685.71,2107
2026.01.20,06:30,4685.65,4693.34,4684.32,4689.61,2355
2026.01.20,06:45,4689.63,4696.97,4688.87,4695.41,1997
2026.01.20,07:00,4695.46,4701.40,4694.62,4699.41,2091
2026.01.20,07:15,4699.19,4700.50,4694.90,4696.53,1924
2026.01.20,07:30,4696.73,4706.06,4694.10,4704.89,3181
2026.01.20,07:45,4704.98,4716.58,4704.91,4714.31,3022
2026.01.20,08:00,4714.26,4716.95,4707.54,4713.18,2908
2026.01.20,08:15,4713.22,4715.41,4709.44,4712.39,2644
2026.01.20,08:30,4712.38,4714.90,4705.56,4710.68,3051
2026.01.20,08:45,4710.73,4715.17,4709.24,4712.39,2443
2026.01.20,09:00,4712.37,4717.58,4711.41,4715.41,2042
2026.01.20,09:15,4715.62,4722.50,4714.68,4718.38,2067
2026.01.20,09:30,4718.36,4721.53,4716.58,4720.03,1966
2026.01.20,09:45,4719.94,4722.62,4714.80,4715.96,2091
2026.01.20,10:00,4715.77,4725.57,4714.92,4724.39,2312
2026.01.20,10:15,4724.41,4725.28,4718.08,4718.55,2258
2026.01.20,10:30,4718.81,4724.35,4715.98,4723.37,2311
2026.01.20,10:45,4723.29,4731.54,4722.60,4729.24,2402
2026.01.20,11:00,4729.20,4731.37,4724.19,4725.18,2481
2026.01.20,11:15,4725.10,4733.74,4721.39,4733.24,2518
2026.01.20,11:30,4733.20,4736.11,4732.78,4734.09,2325
2026.01.20,11:45,4734.15,4737.34,4732.26,4732.35,2115
2026.01.20,12:00,4732.36,4734.91,4730.24,4731.38,2130
2026.01.20,12:15,4731.33,4733.31,4727.78,4728.72,2094
2026.01.20,12:30,4728.70,4729.27,4723.34,4724.37,1984
2026.01.20,12:45,4724.47,4728.07,4723.09,4726.67,1557
2026.01.20,13:00,4726.73,4727.97,4721.50,4726.39,1565
2026.01.20,13:15,4726.30,4729.13,4725.57,4726.83,1505
2026.01.20,13:30,4726.87,4732.18,4725.72,4732.10,1766
2026.01.20,13:45,4732.08,4735.18,4730.48,4732.09,1826
2026.01.20,14:00,4731.84,4732.60,4728.26,4730.17,2061
2026.01.20,14:15,4730.18,4730.34,4726.25,4726.45,2076
2026.01.20,14:30,4726.47,4729.09,4723.95,4726.32,2208
2026.01.20,14:45,4726.37,4729.48,4725.86,4727.38,1893
2026.01.20,15:00,4727.63,4728.28,4722.11,4723.64,3239
2026.01.20,15:15,4723.60,4726.11,4715.81,4719.23,3296
2026.01.20,15:30,4719.27,4730.28,4715.24,4729.85,4523
2026.01.20,15:45,4729.79,4738.19,4727.37,4736.08,4345
2026.01.20,16:00,4736.20,4748.45,4732.19,4740.44,5218
2026.01.20,16:15,4740.42,4750.78,4740.24,4750.78,4355
2026.01.20,16:30,4750.49,4750.49,4728.40,4737.92,6809
2026.01.20,16:45,4737.80,4742.28,4733.17,4741.18,6393
2026.01.20,17:00,4741.13,4748.50,4738.47,4744.31,5635
2026.01.20,17:15,4744.29,4744.42,4722.33,4722.92,6250
2026.01.20,17:30,4722.89,4735.59,4722.43,4732.75,5621
2026.01.20,17:45,4732.83,4739.16,4729.20,4737.43,4697
2026.01.20,18:00,4737.47,4743.40,4728.88,4741.31,4559
2026.01.20,18:15,4741.48,4744.06,4735.26,4741.13,4309
2026.01.20,18:30,4741.07,4745.48,4740.60,4745.27,3620
2026.01.20,18:45,4745.32,4757.51,4745.31,4753.55,4012
2026.01.20,19:00,4752.81,4754.31,4746.02,4754.05,3807
2026.01.20,19:15,4754.08,4756.59,4751.65,4754.70,3216
2026.01.20,19:30,4754.73,4757.85,4752.10,4756.53,3195
2026.01.20,19:45,4756.54,4762.20,4752.18,4758.75,3586
2026.01.20,20:00,4758.76,4765.15,4758.59,4763.14,3622
2026.01.20,20:15,4763.15,4766.19,4759.38,4761.09,3535
2026.01.20,20:30,4761.06,4762.81,4757.27,4757.56,2770
2026.01.20,20:45,4757.55,4760.25,4752.81,4759.31,3153
2026.01.20,21:00,4759.30,4760.40,4756.56,4759.16,2534
2026.01.20,21:15,4759.13,4766.09,4758.27,4759.45,2835
2026.01.20,21:30,4759.46,4763.87,4756.83,4763.33,2877
2026.01.20,21:45,4763.29,4763.84,4758.52,4760.69,2399
2026.01.20,22:00,4760.70,4761.15,4755.81,4760.09,2667
2026.01.20,22:15,4760.11,4760.80,4747.51,4750.33,3551
2026.01.20,22:30,4750.36,4755.09,4748.77,4749.80,3049
2026.01.20,22:45,4749.75,4757.71,4749.33,4756.36,3117
2026.01.20,23:00,4756.35,4760.42,4756.26,4760.28,1904
2026.01.20,23:15,4760.30,4760.81,4759.41,4759.69,1454
2026.01.20,23:30,4759.66,4759.72,4757.25,4759.26,794
2026.01.20,23:45,4759.30,4763.86,4758.83,4762.96,1102
2026.01.21,01:00,4763.29,4766.03,4757.65,4757.97,1481
2026.01.21,01:15,4758.21,4761.11,4757.72,4759.36,1016
2026.01.21,01:30,4759.60,4774.26,4758.52,4774.18,1229
2026.01.21,01:45,4774.09,4781.02,4771.50,4775.13,2118
2026.01.21,02:00,4774.98,4777.61,4770.64,4776.56,1596
2026.01.21,02:15,4776.32,4779.81,4773.70,4777.19,1302
2026.01.21,02:30,4777.17,4785.80,4776.57,4785.00,2004
2026.01.21,02:45,4785.01,4787.59,4782.07,4784.58,1972
2026.01.21,03:00,4784.55,4809.82,4783.50,4807.70,3835
2026.01.21,03:15,4807.50,4827.42,4805.02,4827.21,4014
2026.01.21,03:30,4827.73,4836.32,4815.01,4818.89,4060
2026.01.21,03:45,4819.14,4845.48,4819.14,4835.35,3474
2026.01.21,04:00,4834.53,4841.93,4822.77,4828.10,3172
2026.01.21,04:15,4828.14,4828.14,4817.39,4824.52,2330
2026.01.21,04:30,4822.87,4839.35,4822.65,4831.19,2896
2026.01.21,04:45,4831.24,4836.91,4827.66,4836.32,2486
2026.01.21,05:00,4836.34,4849.63,4833.04,4833.47,2853
2026.01.21,05:15,4833.53,4836.78,4826.97,4833.48,3063
2026.01.21,05:30,4833.69,4846.12,4831.67,4842.89,2059
2026.01.21,05:45,4842.84,4846.93,4839.96,4844.89,1555
2026.01.21,06:00,4844.86,4846.50,4837.83,4844.70,1766
2026.01.21,06:15,4844.75,4854.07,4843.85,4849.78,1901
2026.01.21,06:30,4849.76,4865.46,4849.76,4865.36,2102
2026.01.21,06:45,4865.65,4870.76,4862.25,4865.57,2226
2026.01.21,07:00,4865.81,4866.97,4858.84,4866.83,2059
2026.01.21,07:15,4866.90,4874.03,4863.52,4868.27,2295
2026.01.21,07:30,4868.01,4878.11,4863.78,4871.01,3261
2026.01.21,07:45,4870.80,4876.89,4869.17,4869.93,2490
2026.01.21,08:00,4869.89,4875.31,4864.29,4871.32,2727
2026.01.21,08:15,4871.36,4888.23,4870.27,4883.82,3029
2026.01.21,08:30,4883.83,4887.18,4859.16,4861.43,3423
2026.01.21,08:45,4861.58,4865.93,4845.64,4847.40,3566
2026.01.21,09:00,4847.02,4849.30,4834.76,4837.21,3503
2026.01.21,09:15,4837.49,4850.42,4832.51,4849.33,3331
2026.01.21,09:30,4849.12,4851.68,4838.57,4849.08,3167
2026.01.21,09:45,4849.26,4857.05,4847.50,4855.09,2108
2026.01.21,10:00,4854.38,4863.90,4853.55,4858.54,2247
2026.01.21,10:15,4858.55,4869.45,4858.34,4866.78,2083
2026.01.21,10:30,4867.12,4868.05,4859.06,4860.94,2000
2026.01.21,10:45,4861.12,4863.00,4851.39,4855.25,2254
2026.01.21,11:00,4855.26,4862.39,4852.21,4859.92,2043
2026.01.21,11:15,4859.93,4876.57,4858.03,4875.70,2365
2026.01.21,11:30,4875.50,4877.08,4863.99,4866.28,2495
2026.01.21,11:45,4866.27,4867.78,4859.12,4860.31,2266
2026.01.21,12:00,4860.26,4866.66,4859.50,4863.33,2317
2026.01.21,12:15,4863.29,4864.34,4859.61,4860.31,2121
2026.01.21,12:30,4860.27,4865.64,4859.97,4864.90,2030
2026.01.21,12:45,4865.09,4866.60,4861.82,4862.17,1898
2026.01.21,13:00,4862.15,4865.49,4860.69,4865.27,1686
2026.01.21,13:15,4865.33,4871.43,4865.01,4866.83,1952
2026.01.21,13:30,4866.86,4867.24,4860.42,4862.07,1992
2026.01.21,13:45,4862.05,4866.76,4855.06,4866.31,1889
2026.01.21,14:00,4866.36,4867.29,4861.29,4862.17,1969
2026.01.21,14:15,4862.04,4865.16,4855.59,4865.16,2229
2026.01.21,14:30,4865.31,4870.76,4863.46,4865.51,2233
2026.01.21,14:45,4865.49,4867.17,4856.67,4865.07,2303
2026.01.21,15:00,4865.30,4871.33,4858.30,4869.04,3223
2026.01.21,15:15,4869.09,4871.24,4861.68,4867.91,3061
2026.01.21,15:30,4867.95,4878.96,4866.97,4877.42,3174
2026.01.21,15:45,4877.41,4880.23,4869.83,4879.36,3207
2026.01.21,16:00,4879.07,4880.82,4838.84,4844.54,5195
2026.01.21,16:15,4844.52,4864.57,4841.95,4859.32,4887
2026.01.21,16:30,4859.59,4872.47,4850.09,4861.74,5494
2026.01.21,16:45,4861.77,4861.97,4846.50,4851.74,4908
2026.01.21,17:00,4851.77,4868.67,4846.98,4860.11,4946
2026.01.21,17:15,4860.07,4861.84,4812.50,4831.72,5810
2026.01.21,17:30,4831.66,4845.41,4828.98,4838.01,5276
2026.01.21,17:45,4838.07,4854.40,4834.06,4847.71,4604
2026.01.21,18:00,4847.70,4855.63,4843.77,4846.91,4224
2026.01.21,18:15,4846.89,4852.52,4829.04,4839.90,4566
2026.01.21,18:30,4839.91,4849.71,4833.70,4834.57,4490
2026.01.21,18:45,4834.38,4837.63,4819.67,4833.56,4577
2026.01.21,19:00,4833.67,4834.18,4815.38,4817.67,4640
2026.01.21,19:15,4817.66,4826.31,4814.48,4821.47,4142
2026.01.21,19:30,4821.36,4821.36,4802.35,4809.72,5036
2026.01.21,19:45,4809.73,4827.45,4808.49,4825.87,4087
2026.01.21,20:00,4825.79,4831.65,4822.65,4825.48,3970
2026.01.21,20:15,4825.51,4836.89,4819.60,4833.75,4508
2026.01.21,20:30,4833.76,4838.57,4830.24,4837.75,3907
2026.01.21,20:45,4837.70,4850.46,4836.08,4850.07,3294
2026.01.21,21:00,4850.08,4850.82,4843.14,4848.96,3410
2026.01.21,21:15,4848.94,4853.96,4804.89,4815.85,3963
2026.01.21,21:30,4816.50,4821.13,4765.24,4765.24,7095
2026.01.21,21:45,4765.16,4782.95,4755.84,4779.82,6426
2026.01.21,22:00,4778.55,4787.45,4772.20,4787.38,5354
2026.01.21,22:15,4787.46,4800.97,4784.60,4796.45,5148
2026.01.21,22:30,4796.48,4821.38,4796.30,4820.28,4954
2026.01.21,22:45,4820.22,4827.87,4816.27,4824.06,4993
2026.01.21,23:00,4824.03,4824.86,4813.22,4824.03,2603
2026.01.21,23:15,4824.04,4838.34,4823.63,4832.47,2626
2026.01.21,23:30,4832.61,4839.34,4832.06,4835.11,1980
2026.01.21,23:45,4835.43,4839.59,4827.84,4831.51,1971
2026.01.22,01:00,4832.44,4833.90,4802.32,4814.68,2351
2026.01.22,01:15,4814.72,4814.98,4784.99,4794.96,2301
2026.01.22,01:30,4795.01,4801.62,4785.92,4787.24,2210
2026.01.22,01:45,4787.48,4797.33,4777.51,4778.15,2583
2026.01.22,02:00,4778.61,4794.14,4778.55,4790.05,2460
2026.01.22,02:15,4789.89,4789.91,4780.10,4782.05,1935
2026.01.22,02:30,4782.04,4795.50,4780.18,4793.08,2459
2026.01.22,02:45,4793.10,4798.69,4787.47,4798.04,2385
2026.01.22,03:00,4797.78,4797.78,4772.23,4791.43,4601
2026.01.22,03:15,4791.52,4809.59,4788.31,4795.69,4051
2026.01.22,03:30,4795.67,4804.68,4793.30,4803.09,3553
2026.01.22,03:45,4803.08,4804.53,4797.70,4797.70,2945
2026.01.22,04:00,4797.76,4798.26,4787.31,4793.48,3426
2026.01.22,04:15,4793.56,4795.62,4786.40,4787.38,2524
2026.01.22,04:30,4787.33,4787.80,4774.79,4782.12,3510
2026.01.22,04:45,4782.07,4792.39,4782.07,4788.90,2972
2026.01.22,05:00,4788.94,4791.35,4784.19,4789.74,3010
2026.01.22,05:15,4789.73,4795.87,4785.73,4792.92,2782
2026.01.22,05:30,4792.79,4794.35,4790.24,4790.24,2324
2026.01.22,05:45,4790.19,4797.11,4790.09,4796.54,2011
2026.01.22,06:00,4796.62,4800.36,4795.27,4798.12,1872
2026.01.22,06:15,4798.14,4799.66,4794.49,4795.93,1760
2026.01.22,06:30,4795.92,4798.27,4793.77,4795.27,1850
2026.01.22,06:45,4795.25,4797.90,4793.84,4797.09,1354
2026.01.22,07:00,4796.99,4801.74,4793.63,4800.28,1869
2026.01.22,07:15,4800.25,4800.34,4795.12,4795.23,1766
2026.01.22,07:30,4795.39,4802.60,4795.39,4800.98,2870
2026.01.22,07:45,4800.94,4821.48,4800.94,4821.35,3333
2026.01.22,08:00,4820.76,4824.85,4816.29,4817.97,3347
2026.01.22,08:15,4817.94,4829.12,4816.82,4825.22,3045
2026.01.22,08:30,4825.25,4828.03,4823.57,4823.97,2372
2026.01.22,08:45,4823.92,4826.64,4821.35,4826.37,2196
2026.01.22,09:00,4826.39,4834.75,4825.64,4833.27,2253
2026.01.22,09:15,4833.30,4838.00,4830.14,4837.13,1973
2026.01.22,09:30,4837.06,4838.91,4832.62,4833.59,1677
2026.01.22,09:45,4833.57,4835.54,4830.57,4833.17,1608
2026.01.22,10:00,4833.45,4835.47,4824.34,4827.77,2042
2026.01.22,10:15,4827.74,4830.49,4825.73,4826.26,1715
2026.01.22,10:30,4826.43,4828.48,4822.23,4826.50,1973
2026.01.22,10:45,4826.47,4833.14,4825.83,4829.57,2064
2026.01.22,11:00,4829.71,4838.00,4829.66,4832.74,2116
2026.01.22,11:15,4832.73,4833.62,4828.04,4829.29,1866
2026.01.22,11:30,4829.23,4830.96,4813.78,4815.78,2436
2026.01.22,11:45,4815.80,4823.11,4814.43,4823.01,1782
2026.01.22,12:00,4823.02,4824.96,4819.27,4823.60,1920
2026.01.22,12:15,4823.80,4827.54,4821.22,4826.39,1724
2026.01.22,12:30,4826.59,4829.16,4823.98,4828.16,1605
2026.01.22,12:45,4827.96,4831.69,4827.13,4828.94,1534
2026.01.22,13:00,4828.96,4831.71,4826.10,4826.17,1372
2026.01.22,13:15,4826.15,4829.50,4824.35,4827.65,1797
2026.01.22,13:30,4827.60,4831.43,4825.15,4830.79,1611
2026.01.22,13:45,4830.81,4836.28,4830.05,4830.05,2084
2026.01.22,14:00,4830.01,4830.43,4823.42,4825.04,2357
2026.01.22,14:15,4825.07,4832.47,4824.48,4831.50,1735
2026.01.22,14:30,4831.53,4832.46,4829.51,4829.60,1706
2026.01.22,14:45,4829.54,4829.54,4818.72,4819.55,2171
2026.01.22,15:00,4819.49,4827.42,4815.96,4826.69,3128
2026.01.22,15:15,4826.89,4835.19,4825.92,4827.17,2995
2026.01.22,15:30,4827.15,4827.46,4810.90,4813.67,3271
2026.01.22,15:45,4813.57,4822.66,4810.61,4821.82,3049
2026.01.22,16:00,4822.07,4825.92,4820.38,4824.14,2440
2026.01.22,16:15,4824.17,4830.50,4822.21,4829.31,2182
2026.01.22,16:30,4828.59,4847.71,4828.08,4846.47,4721
2026.01.22,16:45,4846.58,4846.79,4834.79,4835.00,3822
2026.01.22,17:00,4834.99,4840.63,4826.86,4839.02,4356
2026.01.22,17:15,4839.29,4856.26,4836.27,4854.12,4045
2026.01.22,17:30,4854.10,4865.74,4853.43,4863.73,4219
2026.01.22,17:45,4863.77,4873.69,4860.69,4871.58,3792
2026.01.22,18:00,4871.60,4876.24,4867.34,4873.63,3813
2026.01.22,18:15,4873.58,4880.63,4870.62,4875.97,3452
2026.01.22,18:30,4875.98,4884.91,4873.23,4880.98,3475
2026.01.22,18:45,4881.11,4885.07,4874.79,4877.83,2791
2026.01.22,19:00,4877.69,4884.62,4869.64,4880.62,3700
2026.01.22,19:15,4880.54,4893.89,4876.38,4890.49,3733
2026.01.22,19:30,4890.59,4899.32,4889.12,4898.83,3229
2026.01.22,19:45,4898.80,4906.07,4896.39,4904.39,3367
2026.01.22,20:00,4904.12,4915.26,4901.23,4908.11,3548
2026.01.22,20:15,4908.02,4913.39,4906.96,4909.42,3337
2026.01.22,20:30,4909.47,4915.70,4907.39,4912.60,2783
2026.01.22,20:45,4912.61,4919.48,4910.85,4916.00,2535
2026.01.22,21:00,4915.77,4924.32,4915.54,4923.88,2450
2026.01.22,21:15,4923.86,4924.07,4909.54,4915.12,2767
2026.01.22,21:30,4915.11,4918.02,4913.44,4913.57,2506
2026.01.22,21:45,4913.52,4913.52,4905.95,4911.66,2752
2026.01.22,22:00,4911.75,4926.30,4911.46,4925.81,2753
2026.01.22,22:15,4925.87,4928.40,4924.59,4926.59,2378
2026.01.22,22:30,4926.30,4927.12,4918.51,4922.69,2472
2026.01.22,22:45,4922.69,4924.81,4914.04,4917.21,2785
2026.01.22,23:00,4917.49,4922.97,4914.54,4922.70,1502
2026.01.22,23:15,4922.47,4925.16,4920.39,4924.98,1091
2026.01.22,23:30,4924.94,4940.36,4923.94,4938.73,1814
2026.01.22,23:45,4938.70,4940.63,4935.39,4935.80,1562
2026.01.23,01:00,4942.03,4959.98,4939.06,4942.77,2806
2026.01.23,01:15,4942.70,4946.54,4939.27,4940.14,1837
2026.01.23,01:30,4940.12,4940.16,4930.66,4938.61,1622
2026.01.23,01:45,4938.62,4960.41,4938.52,4958.98,2772
2026.01.23,02:00,4958.87,4963.23,4950.61,4951.70,2126
2026.01.23,02:15,4951.87,4958.42,4947.99,4952.01,1617
2026.01.23,02:30,4952.03,4956.02,4947.37,4949.19,1924
2026.01.23,02:45,4949.34,4966.92,4949.34,4966.92,1766
2026.01.23,03:00,4967.37,4967.37,4936.69,4949.02,4611
2026.01.23,03:15,4949.59,4954.30,4942.61,4948.30,3200
2026.01.23,03:30,4948.31,4956.07,4946.55,4952.31,2603
2026.01.23,03:45,4952.30,4962.86,4951.55,4953.47,2815
2026.01.23,04:00,4953.44,4956.67,4947.05,4949.32,2406
2026.01.23,04:15,4949.31,4953.39,4946.71,4953.01,1822
2026.01.23,04:30,4953.00,4957.48,4952.47,4956.79,1978
2026.01.23,04:45,4956.83,4962.12,4955.35,4955.43,1873
2026.01.23,05:00,4955.45,4958.88,4953.34,4953.93,1987
2026.01.23,05:15,4953.85,4955.31,4938.00,4943.46,2631
2026.01.23,05:30,4943.37,4953.26,4942.38,4949.35,2039
2026.01.23,05:45,4949.33,4954.36,4948.04,4951.82,1252
2026.01.23,06:00,4951.79,4953.50,4950.62,4952.25,826
2026.01.23,06:15,4952.23,4953.14,4950.06,4952.86,832
2026.01.23,06:30,4952.78,4957.94,4951.85,4956.86,1245
2026.01.23,06:45,4956.53,4958.35,4954.74,4956.15,907
2026.01.23,07:00,4956.19,4957.42,4954.45,4956.10,938
2026.01.23,07:15,4956.12,4959.98,4955.42,4957.34,787
2026.01.23,07:30,4957.28,4961.27,4956.44,4960.98,1662
2026.01.23,07:45,4961.01,4967.08,4960.26,4960.43,2456
2026.01.23,08:00,4960.49,4963.00,4945.46,4952.68,2776
2026.01.23,08:15,4952.59,4958.82,4951.27,4952.52,1768
2026.01.23,08:30,4952.25,4955.73,4950.15,4952.99,1912
2026.01.23,08:45,4953.72,4956.04,4950.76,4953.28,1834
2026.01.23,09:00,4952.89,4957.92,4952.09,4955.85,1817
2026.01.23,09:15,4955.87,4959.47,4951.60,4957.87,1714
2026.01.23,09:30,4957.84,4958.37,4946.13,4946.38,2045
2026.01.23,09:45,4946.49,4951.08,4943.16,4944.34,2007
2026.01.23,10:00,4944.32,4947.51,4940.43,4942.14,2260
2026.01.23,10:15,4940.91,4942.82,4901.36,4913.26,3597
2026.01.23,10:30,4913.16,4926.22,4910.47,4924.86,3198
2026.01.23,10:45,4924.88,4925.22,4908.77,4913.21,3274
2026.01.23,11:00,4912.67,4919.96,4909.35,4911.51,3017
2026.01.23,11:15,4911.50,4914.72,4899.53,4905.03,3219
2026.01.23,11:30,4905.25,4917.67,4903.15,4916.60,2820
2026.01.23,11:45,4916.94,4921.38,4914.35,4918.29,2538
2026.01.23,12:00,4918.45,4922.61,4915.60,4921.46,2155
2026.01.23,12:15,4921.44,4932.42,4921.44,4929.58,2657
2026.01.23,12:30,4929.66,4930.35,4924.78,4928.05,1953
2026.01.23,12:45,4928.06,4930.62,4924.51,4929.65,1998
2026.01.23,13:00,4929.68,4929.74,4916.05,4918.40,2272
2026.01.23,13:15,4918.41,4921.98,4911.87,4920.82,2318
2026.01.23,13:30,4920.95,4924.98,4919.73,4923.49,1387
2026.01.23,13:45,4923.40,4926.20,4920.93,4922.72,1987
2026.01.23,14:00,4923.32,4934.20,4918.20,4933.87,2856
2026.01.23,14:15,4933.89,4936.95,4930.44,4934.44,2284
2026.01.23,14:30,4934.43,4938.93,4932.20,4935.98,2255
2026.01.23,14:45,4935.97,4942.41,4935.93,4938.94,2836
2026.01.23,15:00,4938.79,4947.80,4933.61,4940.32,4404
2026.01.23,15:15,4940.37,4940.58,4923.66,4931.61,4538
2026.01.23,15:30,4931.53,4939.25,4927.33,4931.76,3746
2026.01.23,15:45,4931.83,4940.72,4930.56,4938.91,3147
2026.01.23,16:00,4938.92,4947.93,4934.66,4944.40,3217
2026.01.23,16:15,4944.38,4945.41,4939.50,4939.69,3074
2026.01.23,16:30,4939.80,4949.68,4932.71,4947.01,4618
2026.01.23,16:45,4947.09,4956.18,4942.31,4942.92,4040
2026.01.23,17:00,4943.34,4955.80,4938.14,4953.11,4936
2026.01.23,17:15,4953.09,4954.26,4942.35,4944.70,4494
2026.01.23,17:30,4944.65,4960.82,4943.79,4959.52,4205
2026.01.23,17:45,4959.34,4963.19,4951.38,4961.08,4387
2026.01.23,18:00,4961.06,4976.63,4959.10,4970.84,4356
2026.01.23,18:15,4970.90,4986.40,4969.61,4985.37,4023
2026.01.23,18:30,4985.40,4988.19,4978.79,4981.84,4072
2026.01.23,18:45,4981.82,4982.95,4975.68,4980.29,3857
2026.01.23,19:00,4980.56,4987.05,4977.48,4984.51,3464
2026.01.23,19:15,4984.70,4987.68,4980.65,4983.07,3479
2026.01.23,19:30,4983.13,4988.05,4982.27,4983.15,3641
2026.01.23,19:45,4982.74,4985.14,4962.05,4965.36,3840
2026.01.23,20:00,4965.49,4982.72,4965.28,4980.57,4212
2026.01.23,20:15,4980.52,4984.05,4977.50,4978.63,3788
2026.01.23,20:30,4978.64,4979.81,4964.00,4964.23,3471
2026.01.23,20:45,4964.12,4969.70,4958.26,4967.63,3325
2026.01.23,21:00,4967.50,4978.62,4966.90,4974.28,3106
2026.01.23,21:15,4974.25,4978.62,4973.67,4977.38,2673
2026.01.23,21:30,4977.42,4980.41,4974.45,4978.75,2502
2026.01.23,21:45,4978.77,4989.74,4978.07,4984.25,3215
2026.01.23,22:00,4984.17,4985.61,4970.57,4981.25,3416
2026.01.23,22:15,4981.22,4985.41,4978.39,4980.92,3158
2026.01.23,22:30,4979.63,4983.47,4975.82,4982.29,2914
2026.01.23,22:45,4982.47,4984.20,4978.85,4981.18,2903
2026.01.23,23:00,4981.02,4986.07,4978.68,4981.35,1754
2026.01.23,23:15,4981.32,4983.58,4977.99,4981.81,1193
2026.01.23,23:30,4981.84,4983.16,4980.45,4982.25,893
2026.01.23,23:45,4982.24,4990.38,4980.97,4988.56,1023
2026.01.26,01:00,4999.84,5027.82,4999.84,5020.73,4548
2026.01.26,01:15,5021.11,5031.08,5012.20,5018.46,3463
2026.01.26,01:30,5018.60,5031.73,5016.54,5025.32,2974
2026.01.26,01:45,5025.25,5040.13,5025.10,5040.13,2743
2026.01.26,02:00,5040.17,5043.74,5034.38,5038.89,3088
2026.01.26,02:15,5038.91,5042.66,5030.57,5042.58,2761
2026.01.26,02:30,5042.46,5052.10,5042.04,5050.17,2647
2026.01.26,02:45,5050.42,5052.05,5038.05,5041.62,2941
2026.01.26,03:00,5041.31,5058.95,5027.94,5057.32,4644
2026.01.26,03:15,5057.62,5075.26,5056.64,5074.09,4042
2026.01.26,03:30,5074.06,5085.52,5071.71,5083.24,4067
2026.01.26,03:45,5083.31,5084.74,5067.64,5070.77,4159
2026.01.26,04:00,5071.19,5079.16,5066.78,5074.87,4043
2026.01.26,04:15,5074.95,5088.93,5071.94,5087.42,3155
2026.01.26,04:30,5088.20,5093.01,5079.09,5088.64,3449
2026.01.26,04:45,5088.63,5090.94,5079.99,5080.28,3154
2026.01.26,05:00,5080.21,5084.92,5071.62,5084.07,3368
2026.01.26,05:15,5084.10,5087.75,5074.87,5079.75,3151
2026.01.26,05:30,5079.62,5083.80,5075.93,5078.25,2336
2026.01.26,05:45,5078.50,5079.27,5069.91,5076.57,2555
2026.01.26,06:00,5076.52,5077.89,5072.14,5075.80,1948
2026.01.26,06:15,5075.92,5076.47,5071.31,5072.36,1885
2026.01.26,06:30,5072.31,5073.15,5064.16,5066.95,2019
2026.01.26,06:45,5067.00,5072.03,5058.28,5069.96,2320
2026.01.26,07:00,5069.94,5072.69,5055.10,5059.87,2387
2026.01.26,07:15,5060.08,5066.85,5051.94,5064.84,2618
2026.01.26,07:30,5063.92,5067.88,5052.97,5059.61,4045
2026.01.26,07:45,5059.17,5076.35,5058.17,5074.32,3139
2026.01.26,08:00,5074.27,5082.16,5067.33,5069.83,3135
2026.01.26,08:15,5069.46,5077.18,5065.26,5074.87,3139
2026.01.26,08:30,5074.79,5092.53,5074.79,5092.03,2935
2026.01.26,08:45,5092.40,5110.93,5076.39,5077.46,4660
2026.01.26,09:00,5077.98,5092.19,5073.86,5090.78,3363
2026.01.26,09:15,5090.79,5095.58,5089.83,5095.33,2178
2026.01.26,09:30,5095.57,5095.57,5085.82,5088.90,2056
2026.01.26,09:45,5089.08,5093.92,5088.11,5088.11,1964
2026.01.26,10:00,5088.00,5096.61,5087.36,5096.44,2574
2026.01.26,10:15,5096.44,5097.53,5094.82,5096.62,2113
2026.01.26,10:30,5096.60,5098.25,5090.16,5093.42,2493
2026.01.26,10:45,5093.36,5093.84,5080.12,5082.47,2838
2026.01.26,11:00,5082.44,5092.99,5082.04,5091.08,2568
2026.01.26,11:15,5091.12,5096.76,5088.04,5096.65,2452
2026.01.26,11:30,5096.57,5098.30,5087.35,5091.37,2276
2026.01.26,11:45,5091.40,5093.03,5075.35,5084.01,2843
2026.01.26,12:00,5084.69,5090.69,5078.60,5088.98,2497
2026.01.26,12:15,5088.77,5091.00,5086.21,5087.31,2123
2026.01.26,12:30,5087.28,5094.92,5085.82,5092.85,2000
2026.01.26,12:45,5093.06,5094.24,5090.29,5091.70,2037
2026.01.26,13:00,5091.62,5092.71,5087.19,5087.87,1983
2026.01.26,13:15,5087.95,5088.54,5078.37,5087.12,2407
2026.01.26,13:30,5086.91,5092.26,5083.69,5089.98,2040
2026.01.26,13:45,5089.79,5092.41,5087.16,5090.65,2010
2026.01.26,14:00,5090.60,5093.65,5086.99,5090.17,2192
2026.01.26,14:15,5090.13,5096.90,5086.02,5089.95,2314
2026.01.26,14:30,5089.97,5089.97,5079.09,5083.34,2387
2026.01.26,14:45,5083.53,5085.83,5077.04,5078.75,2755
2026.01.26,15:00,5079.53,5082.16,5065.92,5080.04,3751
2026.01.26,15:15,5080.31,5083.02,5067.03,5072.21,3628
2026.01.26,15:30,5072.19,5073.18,5054.40,5070.65,3901
2026.01.26,15:45,5070.30,5075.88,5066.87,5068.90,3576
2026.01.26,16:00,5068.87,5073.02,5058.10,5071.13,3886
2026.01.26,16:15,5071.15,5082.46,5063.53,5079.50,3571
2026.01.26,16:30,5079.59,5090.64,5074.56,5080.94,5024
2026.01.26,16:45,5081.29,5096.80,5080.46,5096.06,4304
2026.01.26,17:00,5096.28,5097.24,5085.50,5095.50,4208
2026.01.26,17:15,5095.51,5096.84,5084.12,5090.85,4587
2026.01.26,17:30,5090.83,5092.60,5073.98,5078.30,4766
2026.01.26,17:45,5078.14,5095.07,5077.63,5090.72,4044
2026.01.26,18:00,5090.90,5105.03,5089.48,5101.03,4443
2026.01.26,18:15,5100.79,5104.05,5070.37,5075.59,4376
2026.01.26,18:30,5075.42,5083.23,5065.11,5077.17,5530
2026.01.26,18:45,5076.98,5094.31,5076.50,5090.08,4006
2026.01.26,19:00,5089.93,5097.23,5085.55,5094.30,3730
2026.01.26,19:15,5094.21,5095.34,5080.89,5088.12,3785
2026.01.26,19:30,5088.15,5102.67,5082.17,5102.64,3550
2026.01.26,19:45,5102.66,5104.89,5097.31,5100.64,3909
2026.01.26,20:00,5100.48,5103.31,5076.42,5078.39,4567
2026.01.26,20:15,5078.01,5090.57,5076.63,5085.24,5042
2026.01.26,20:30,5085.26,5085.28,5057.97,5065.30,5867
2026.01.26,20:45,5065.37,5083.07,5063.56,5068.26,5021
2026.01.26,21:00,5067.36,5069.64,5035.60,5059.53,5814
2026.01.26,21:15,5059.55,5061.14,5020.49,5026.61,6302
2026.01.26,21:30,5026.68,5043.54,5024.64,5033.96,5634
2026.01.26,21:45,5034.25,5037.40,5008.49,5028.51,6055
2026.01.26,22:00,5028.67,5053.95,5026.18,5049.68,5026
2026.01.26,22:15,5049.64,5057.98,5040.65,5057.98,4891
2026.01.26,22:30,5057.56,5062.20,5035.47,5046.73,4661
2026.01.26,22:45,5046.66,5060.59,5042.90,5055.52,4499
2026.01.26,23:00,5055.58,5059.17,5033.64,5034.12,3362
2026.01.26,23:15,5034.16,5035.70,5011.15,5019.80,4694
2026.01.26,23:30,5019.73,5020.82,4988.65,5005.67,4834
2026.01.26,23:45,5006.19,5016.82,5005.57,5010.31,3458
2026.01.27,01:00,5013.28,5040.61,5012.89,5039.94,2926
2026.01.27,01:15,5039.75,5049.69,5037.21,5045.30,2741
2026.01.27,01:30,5045.29,5057.69,5040.59,5056.65,2223
2026.01.27,01:45,5056.64,5061.53,5043.09,5043.39,2400
2026.01.27,02:00,5043.40,5053.48,5038.35,5052.41,2374
2026.01.27,02:15,5052.38,5054.04,5044.11,5044.84,1790
2026.01.27,02:30,5045.45,5049.55,5028.83,5031.90,2548
2026.01.27,02:45,5031.71,5035.40,5013.58,5032.81,3849
2026.01.27,03:00,5030.30,5072.09,5018.91,5071.93,5126
2026.01.27,03:15,5071.76,5076.05,5062.99,5066.68,4288
2026.01.27,03:30,5066.25,5070.40,5054.18,5063.67,3690
2026.01.27,03:45,5063.58,5066.90,5056.99,5059.85,3317
2026.01.27,04:00,5060.06,5067.62,5049.42,5063.87,3215
2026.01.27,04:15,5063.95,5070.39,5060.21,5068.18,2678
2026.01.27,04:30,5068.04,5079.64,5066.93,5078.73,2818
2026.01.27,04:45,5078.56,5079.61,5065.36,5072.44,2889
2026.01.27,05:00,5072.45,5073.82,5063.52,5066.06,2892
2026.01.27,05:15,5066.08,5072.66,5060.20,5064.88,2793
2026.01.27,05:30,5064.78,5076.39,5064.14,5074.67,2478
2026.01.27,05:45,5074.68,5079.14,5071.67,5076.56,2353
2026.01.27,06:00,5076.55,5078.52,5068.41,5069.46,2162
2026.01.27,06:15,5069.66,5076.59,5069.42,5074.56,2235
2026.01.27,06:30,5074.58,5075.38,5061.04,5066.62,2614
2026.01.27,06:45,5066.74,5070.89,5062.24,5066.57,2433
2026.01.27,07:00,5066.62,5068.62,5057.18,5063.65,2735
2026.01.27,07:15,5063.62,5066.75,5058.06,5061.31,2400
2026.01.27,07:30,5061.24,5074.95,5059.87,5074.95,3348
2026.01.27,07:45,5074.98,5085.14,5074.96,5082.82,3034
2026.01.27,08:00,5082.83,5086.83,5076.56,5083.15,2970
2026.01.27,08:15,5083.16,5087.44,5079.64,5082.18,2419
2026.01.27,08:30,5082.23,5088.45,5078.93,5085.73,2674
2026.01.27,08:45,5086.03,5093.93,5081.84,5085.76,3412
2026.01.27,09:00,5086.53,5094.49,5082.42,5085.34,3141
2026.01.27,09:15,5085.25,5090.52,5081.48,5087.83,3066
2026.01.27,09:30,5087.79,5100.77,5087.79,5092.81,3680
2026.01.27,09:45,5092.74,5096.34,5085.70,5085.70,2940
2026.01.27,10:00,5085.94,5088.19,5079.28,5086.56,3065
2026.01.27,10:15,5086.55,5087.58,5075.17,5077.67,2865
2026.01.27,10:30,5077.96,5082.71,5073.20,5082.66,3302
2026.01.27,10:45,5082.72,5085.55,5077.45,5078.98,2273
2026.01.27,11:00,5078.77,5083.97,5077.87,5083.21,2245
2026.01.27,11:15,5083.22,5088.51,5082.22,5088.27,2253
2026.01.27,11:30,5088.24,5094.28,5086.02,5087.97,2169
2026.01.27,11:45,5087.75,5099.44,5082.87,5098.43,2896
2026.01.27,12:00,5098.44,5098.44,5091.19,5096.52,2763
2026.01.27,12:15,5096.54,5098.05,5087.33,5087.34,2162
2026.01.27,12:30,5087.33,5089.14,5081.91,5084.73,2384
2026.01.27,12:45,5084.95,5086.97,5081.80,5086.22,1931
2026.01.27,13:00,5086.33,5090.18,5083.56,5090.09,2181
2026.01.27,13:15,5090.16,5090.76,5084.79,5087.35,1955
2026.01.27,13:30,5087.39,5088.18,5083.21,5085.50,1695
2026.01.27,13:45,5085.49,5085.77,5066.67,5076.80,3157
2026.01.27,14:00,5076.90,5082.53,5075.27,5080.72,2691
2026.01.27,14:15,5080.75,5081.02,5073.41,5078.78,2897
2026.01.27,14:30,5078.65,5090.25,5078.01,5088.99,2834
2026.01.27,14:45,5089.03,5090.98,5081.21,5084.86,2668
2026.01.27,15:00,5084.94,5092.13,5078.16,5090.06,4111
2026.01.27,15:15,5090.09,5092.73,5076.29,5080.54,3847
2026.01.27,15:30,5080.75,5086.11,5069.58,5072.93,3939
2026.01.27,15:45,5072.88,5082.03,5071.32,5076.98,3624
2026.01.27,16:00,5076.97,5077.00,5055.02,5059.99,4739
2026.01.27,16:15,5059.77,5065.81,5046.56,5062.06,5526
2026.01.27,16:30,5061.32,5082.14,5061.32,5078.46,6099
2026.01.27,16:45,5078.48,5079.41,5050.85,5052.65,5799
2026.01.27,17:00,5052.86,5070.00,5047.39,5057.41,6193
2026.01.27,17:15,5057.44,5076.85,5055.94,5069.28,5743
2026.01.27,17:30,5069.18,5086.86,5068.87,5080.72,4997
2026.01.27,17:45,5080.54,5091.10,5080.01,5091.10,4447
2026.01.27,18:00,5090.91,5098.58,5083.72,5095.07,4585
2026.01.27,18:15,5095.09,5103.02,5093.61,5098.61,4703
2026.01.27,18:30,5098.63,5099.38,5085.80,5088.39,5047
2026.01.27,18:45,5088.40,5091.96,5083.27,5088.19,4371
2026.01.27,19:00,5088.34,5092.04,5080.40,5091.73,4341
2026.01.27,19:15,5091.79,5094.08,5079.15,5087.31,4274
2026.01.27,19:30,5087.52,5089.69,5078.42,5081.32,4210
2026.01.27,19:45,5081.26,5085.67,5076.66,5081.53,4035
2026.01.27,20:00,5081.51,5087.07,5076.21,5082.08,3916
2026.01.27,20:15,5081.93,5088.91,5078.61,5084.75,4611
2026.01.27,20:30,5084.84,5091.73,5084.83,5088.21,3674
2026.01.27,20:45,5088.24,5095.40,5087.47,5087.90,3581
2026.01.27,21:00,5087.81,5088.99,5081.05,5087.05,3513
2026.01.27,21:15,5087.01,5090.73,5085.38,5088.00,3068
2026.01.27,21:30,5088.33,5093.29,5087.53,5093.16,2941
2026.01.27,21:45,5093.05,5100.00,5090.57,5098.59,3592
2026.01.27,22:00,5098.50,5143.18,5097.94,5141.74,5381
2026.01.27,22:15,5141.73,5151.53,5131.65,5140.71,5944
2026.01.27,22:30,5140.68,5148.80,5132.74,5142.73,5466
2026.01.27,22:45,5142.79,5182.95,5142.49,5179.31,6542
2026.01.27,23:00,5179.64,5187.42,5170.41,5176.78,4764
2026.01.27,23:15,5176.77,5180.33,5169.26,5173.85,3446
2026.01.27,23:30,5173.59,5186.67,5171.47,5185.32,2800
2026.01.27,23:45,5187.38,5190.52,5174.62,5178.60,3181
2026.01.28,01:00,5178.74,5184.99,5167.54,5171.12,3569
2026.01.28,01:15,5170.98,5173.16,5159.05,5170.21,3150
2026.01.28,01:30,5170.49,5172.06,5163.42,5164.28,2846
2026.01.28,01:45,5164.26,5176.83,5163.69,5172.14,2995
2026.01.28,02:00,5172.05,5173.18,5157.14,5165.49,3412
2026.01.28,02:15,5165.51,5166.86,5160.36,5162.97,2361
2026.01.28,02:30,5163.09,5170.55,5163.06,5168.11,2435
2026.01.28,02:45,5168.28,5180.05,5168.17,5171.87,2911
2026.01.28,03:00,5171.72,5202.30,5168.56,5190.77,5378
2026.01.28,03:15,5189.51,5196.24,5181.51,5194.17,4580
2026.01.28,03:30,5194.13,5215.74,5186.31,5215.74,4574
2026.01.28,03:45,5215.70,5225.35,5204.28,5204.70,4721
2026.01.28,04:00,5204.85,5217.17,5201.43,5209.78,4457
2026.01.28,04:15,5210.00,5220.76,5207.90,5219.49,2979
2026.01.28,04:30,5219.62,5229.58,5216.51,5221.50,3850
2026.01.28,04:45,5221.41,5234.51,5220.92,5232.43,3888
2026.01.28,05:00,5232.55,5247.31,5230.06,5243.54,4089
2026.01.28,05:15,5243.58,5246.45,5236.26,5237.23,3646
2026.01.28,05:30,5237.25,5239.88,5224.55,5233.40,3228
2026.01.28,05:45,5233.37,5244.50,5230.50,5234.77,3052
2026.01.28,06:00,5234.70,5240.91,5232.90,5235.17,2216
2026.01.28,06:15,5235.20,5241.17,5232.23,5238.06,1832
2026.01.28,06:30,5238.52,5241.33,5234.33,5239.92,2124
2026.01.28,06:45,5240.23,5248.80,5233.53,5245.58,2439
2026.01.28,07:00,5245.56,5257.41,5241.52,5253.85,2975
2026.01.28,07:15,5253.80,5261.81,5251.79,5258.59,2532
2026.01.28,07:30,5259.87,5266.57,5250.95,5264.92,3641
2026.01.28,07:45,5264.88,5266.25,5257.23,5260.43,2766
2026.01.28,08:00,5259.79,5263.07,5252.47,5261.78,2839
2026.01.28,08:15,5261.79,5265.64,5251.96,5255.62,2888
2026.01.28,08:30,5255.54,5264.56,5255.03,5261.61,3094
2026.01.28,08:45,5261.71,5271.26,5257.08,5269.98,2903
2026.01.28,09:00,5269.72,5275.34,5262.78,5273.65,3171
2026.01.28,09:15,5273.20,5284.01,5272.64,5281.10,3035
2026.01.28,09:30,5281.00,5282.15,5278.59,5280.62,176
